Series Name,Series Code,Country Name,Country Code,1996 [YR1996],1998 [YR1998],2000 [YR2000],2002 [YR2002],2003 [YR2003],2004 [YR2004],2005 [YR2005],2006 [YR2006],2007 [YR2007],2008 [YR2008],2009 [YR2009],2010 [YR2010],2011 [YR2011],2012 [YR2012],2013 [YR2013],2014 [YR2014],2015 [YR2015],2016 [YR2016],2017 [YR2017],2018 [YR2018],2019 [YR2019],2020 [YR2020],2021 [YR2021]
Voice and Accountability: Percentile Rank,VA.PER.RNK,Russian Federation,RUS,43.5,36.8159217834473,37.8109436035156,36.3184089660645,32.3383102416992,30.769229888916,27.4038467407227,22.115385055542,22.5961532592773,22.5961532592773,23.222749710083,23.6966819763184,24.4131450653076,19.2488269805908,18.7793426513672,20.6896553039551,20.1970443725586,17.7339897155762,18.7192115783691,18.8405799865723,17.8743953704834,20.2898559570313,19.8067626953125
Voice and Accountability: Percentile Rank,VA.PER.RNK,Afghanistan,AFG,1,0.497512429952621,0.995024859905243,9.45273590087891,14.4278602600098,15.384614944458,14.9038457870483,17.7884616851807,18.75,14.4230766296387,9.47867298126221,9.95260620117188,11.2676057815552,14.0845069885254,14.5539903640747,16.2561569213867,18.7192115783691,20.6896553039551,22.1674880981445,20.2898559570313,21.2560386657715,19.8067626953125,7.24637699127197
Voice and Accountability: Percentile Rank,VA.PER.RNK,Albania,ALB,29.5,38.8059692382813,41.2935333251953,48.2587051391602,50.2487564086914,49.038459777832,51.4423065185547,49.038459777832,51.9230766296387,53.3653831481934,54.028434753418,54.028434753418,52.1126747131348,50.7042236328125,51.1737098693848,50.2463035583496,52.709358215332,52.2167472839355,54.1871910095215,52.6570053100586,52.1739120483398,51.2077293395996,50.2415466308594
Voice and Accountability: Percentile Rank,VA.PER.RNK,Algeria,DZA,14.5,12.4378108978271,14.4278602600098,18.9054718017578,18.9054718017578,23.5576915740967,25.480770111084,22.5961532592773,20.1923084259033,20.6730766296387,17.5355453491211,18.4834117889404,20.1877937316895,22.5352115631104,23.9436626434326,25.1231517791748,24.630542755127,23.645320892334,23.1527099609375,21.2560386657715,19.8067626953125,19.3236713409424,20.7729473114014
Voice and Accountability: Percentile Rank,VA.PER.RNK,American Samoa,ASM,..,..,..,..,..,64.4230804443359,70.6730804443359,65.3846130371094,78.3653869628906,79.3269195556641,77.2511825561523,78.1990509033203,78.8732376098633,80.7511749267578,81.2206573486328,..,..,..,..,95.1690826416016,92.7536239624023,81.6425094604492,75.8454132080078
Voice and Accountability: Percentile Rank,VA.PER.RNK,Andorra,AND,98.5,97.5124359130859,97.0149230957031,95.5223846435547,94.0298538208008,94.711540222168,94.711540222168,92.3076934814453,92.3076934814453,93.2692337036133,92.4170608520508,92.890998840332,93.8967132568359,93.8967132568359,93.8967132568359,87.6847305297852,88.1773376464844,87.1921157836914,86.2068939208984,82.125602722168,84.5410614013672,83.5748825073242,82.6086959838867
Voice and Accountability: Percentile Rank,VA.PER.RNK,Angola,AGO,6,9.45273590087891,8.95522403717041,12.93532371521,10.945273399353,11.5384616851807,12.0192308425903,11.5384616851807,14.4230766296387,15.865385055542,14.6919431686401,14.6919431686401,14.5539903640747,15.962441444397,15.962441444397,15.2709360122681,15.2709360122681,16.7487678527832,17.7339897155762,22.7053146362305,25.1207733154297,26.0869560241699,24.6376819610596
Voice and Accountability: Percentile Rank,VA.PER.RNK,Anguilla,AIA,..,..,..,..,..,76.4423065185547,75.4807662963867,80.288459777832,78.3653869628906,79.3269195556641,77.2511825561523,78.1990509033203,78.8732376098633,80.7511749267578,81.2206573486328,..,..,..,..,..,..,..,..
Voice and Accountability: Percentile Rank,VA.PER.RNK,Antigua and Barbuda,ATG,61.5,59.2039794921875,60.1990051269531,58.2089538574219,58.2089538574219,66.8269195556641,64.9038467407227,67.788459777832,64.4230804443359,64.4230804443359,66.8246459960938,62.0853080749512,62.9107971191406,67.1361465454102,66.6666641235352,66.9950714111328,68.4729080200195,67.9802932739258,68.4729080200195,67.1497573852539,70.5314025878906,71.0144958496094,70.5314025878906
Voice and Accountability: Percentile Rank,VA.PER.RNK,Argentina,ARG,62.5,57.7114410400391,61.1940307617188,56.2189064025879,61.1940307617188,59.6153831481934,59.1346168518066,58.1730766296387,58.6538467407227,58.1730766296387,56.3981056213379,58.2938385009766,58.2159614562988,57.2769966125488,56.8075103759766,59.1133003234863,60.0985221862793,63.5467987060547,64.5320205688477,65.2173919677734,65.2173919677734,65.7004852294922,65.2173919677734
Voice and Accountability: Percentile Rank,VA.PER.RNK,Armenia,ARM,33,40.7960205078125,36.3184089660645,36.8159217834473,34.825870513916,30.2884616851807,29.8076915740967,26.4423084259033,25.9615383148193,24.519229888916,23.6966819763184,25.1184825897217,28.1690139770508,30.046947479248,29.1079807281494,30.5418720245361,29.5566501617432,31.0344829559326,32.019702911377,39.1304359436035,48.7922706604004,49.2753639221191,48.7922706604004
Voice and Accountability: Percentile Rank,VA.PER.RNK,Aruba,ABW,..,..,..,..,..,73.0769195556641,85.5769195556641,80.288459777832,78.3653869628906,79.3269195556641,91.4691925048828,90.9952621459961,90.6103286743164,90.6103286743164,90.6103286743164,92.1182250976563,91.625617980957,92.1182250976563,92.61083984375,90.8212585449219,91.7874374389648,92.7536239624023,81.6425094604492
Voice and Accountability: Percentile Rank,VA.PER.RNK,Australia,AUS,93,93.0348281860352,94.0298538208008,93.532341003418,94.5273666381836,94.2307662963867,94.2307662963867,94.711540222168,94.2307662963867,94.711540222168,94.3127975463867,94.7867279052734,95.7746505737305,95.7746505737305,94.3661956787109,93.596061706543,93.1034469604492,94.0886688232422,94.0886688232422,93.7198104858398,92.2705307006836,93.2367172241211,94.2028961181641
Voice and Accountability: Percentile Rank,VA.PER.RNK,Austria,AUT,93.5,92.0398025512695,90.0497512817383,91.5422897338867,91.5422897338867,92.788459777832,90.3846130371094,93.75,94.711540222168,94.2307662963867,94.7867279052734,95.2606658935547,94.8356781005859,95.3051605224609,95.7746505737305,94.5812835693359,94.0886688232422,93.596061706543,95.0738906860352,94.2028961181641,95.1690826416016,95.6521759033203,94.6859893798828
Voice and Accountability: Percentile Rank,VA.PER.RNK,Azerbaijan,AZE,15.5,17.9104480743408,21.8905467987061,20.3980102539063,20.3980102539063,18.75,15.384614944458,10.5769233703613,12.0192308425903,11.057692527771,13.2701425552368,12.7962083816528,12.6760559082031,12.2065725326538,9.38967132568359,7.38916254043579,6.89655160903931,6.40394067764282,6.89655160903931,7.24637699127197,7.24637699127197,5.79710149765015,7.72946882247925
Voice and Accountability: Percentile Rank,VA.PER.RNK,"Bahamas, The",BHS,83.5,85.0746231079102,87.0646743774414,87.5621871948242,80.0995025634766,81.25,77.8846130371094,80.7692337036133,84.6153869628906,86.0576934814453,78.1990509033203,76.7772521972656,75.5868530273438,75.5868530273438,74.6478881835938,80.2955627441406,75.8620681762695,74.8768463134766,74.8768463134766,71.9806747436523,76.8115921020508,77.2946853637695,76.328498840332
Voice and Accountability: Percentile Rank,VA.PER.RNK,Bahrain,BHR,25.5,16.4179096221924,17.412935256958,31.343282699585,30.348258972168,31.25,25,23.5576915740967,25,23.0769233703613,26.5402851104736,19.9052124023438,13.1455402374268,11.2676057815552,12.2065725326538,11.3300495147705,11.822660446167,10.837438583374,11.3300495147705,10.6280193328857,10.1449279785156,9.17874431610107,8.69565200805664
Voice and Accountability: Percentile Rank,VA.PER.RNK,Bangladesh,BGD,50,47.2636833190918,44.7761192321777,37.3134346008301,31.8407955169678,27.884614944458,30.2884616851807,32.211540222168,31.25,33.1730766296387,38.3886260986328,36.9668235778809,36.1502342224121,34.7417831420898,34.7417831420898,32.019702911377,30.5418720245361,30.5418720245361,30.0492610931396,27.0531406402588,26.57004737854,26.57004737854,28.019323348999
Voice and Accountability: Percentile Rank,VA.PER.RNK,Barbados,BRB,90.5,88.5572128295898,88.059700012207,88.5572128295898,86.0696487426758,84.1346130371094,78.8461532592773,81.7307662963867,80.288459777832,75,86.2559204101563,86.7298583984375,84.9765243530273,87.3239440917969,86.8544616699219,85.7142868041992,83.7438430786133,83.7438430786133,84.2364501953125,83.0917892456055,84.0579681396484,85.9903411865234,88.4057998657227
Voice and Accountability: Percentile Rank,VA.PER.RNK,Belarus,BLR,23.5,27.3631839752197,11.9402980804443,8.4577112197876,8.95522403717041,5.76923084259033,3.36538457870483,5.28846168518066,6.25,6.73076915740967,7.10900497436523,7.10900497436523,5.16431903839111,6.1032862663269,5.63380289077759,7.88177347183228,8.3743839263916,12.8078813552856,12.3152713775635,12.0772943496704,11.1111106872559,8.69565200805664,6.7632851600647
Voice and Accountability: Percentile Rank,VA.PER.RNK,Belgium,BEL,92.5,91.5422897338867,92.5373153686523,93.0348281860352,95.5223846435547,90.8653869628906,91.3461532592773,92.788459777832,93.75,92.788459777832,93.3649291992188,94.3127975463867,92.9577484130859,92.9577484130859,92.9577484130859,94.0886688232422,94.5812835693359,95.5665054321289,93.1034469604492,92.2705307006836,94.2028961181641,90.8212585449219,90.3381652832031
Voice and Accountability: Percentile Rank,VA.PER.RNK,Belize,BLZ,72,73.1343307495117,76.1194000244141,71.6417922973633,72.1393051147461,73.5576934814453,71.1538467407227,63.461540222168,63.461540222168,67.788459777832,70.1421813964844,68.7203826904297,68.0751190185547,69.0140838623047,69.0140838623047,65.0246276855469,66.9950714111328,66.5024642944336,66.5024642944336,59.4202880859375,63.2850227355957,62.3188400268555,62.8019332885742
Voice and Accountability: Percentile Rank,VA.PER.RNK,Benin,BEN,59,62.6865653991699,60.6965179443359,51.243782043457,54.7263679504395,51.4423065185547,49.519229888916,57.6923065185547,57.6923065185547,57.6923065185547,57.8199043273926,56.8720397949219,54.4600944519043,54.9295768737793,55.8685455322266,57.1428565979004,58.6206893920898,60.0985221862793,58.1280784606934,56.5217399597168,49.2753639221191,42.9951705932617,37.6811599731445
Voice and Accountability: Percentile Rank,VA.PER.RNK,Bermuda,BMU,86,85.572135925293,74.6268692016602,84.5771179199219,87.5621871948242,85.0961532592773,85.5769195556641,80.288459777832,78.3653869628906,79.3269195556641,77.2511825561523,78.1990509033203,78.8732376098633,80.7511749267578,81.2206573486328,..,..,..,..,..,..,..,..
Voice and Accountability: Percentile Rank,VA.PER.RNK,Bhutan,BTN,19,15.4228858947754,13.9303483963013,11.4427862167358,16.4179096221924,20.6730766296387,16.8269233703613,18.75,24.0384616851807,31.730770111084,32.7014236450195,34.5971565246582,34.2723007202148,39.9061050415039,43.1924896240234,44.8275871276855,46.305419921875,46.305419921875,46.7980308532715,48.7922706604004,49.7584533691406,53.6231880187988,55.0724639892578
Voice and Accountability: Percentile Rank,VA.PER.RNK,Bolivia,BOL,56.5,59.7014923095703,54.2288551330566,53.233829498291,45.2736320495605,43.75,44.230770111084,49.519229888916,47.5961532592773,48.0769233703613,48.8151664733887,47.3933639526367,46.478874206543,45.5399055480957,46.478874206543,48.2758636474609,46.7980308532715,45.320198059082,45.320198059082,42.9951705932617,40.5797119140625,42.512077331543,41.5458946228027
Voice and Accountability: Percentile Rank,VA.PER.RNK,Bosnia and Herzegovina,BIH,47,48.756217956543,48.756217956543,46.2686576843262,55.2238807678223,55.769229888916,58.1730766296387,53.3653831481934,52.8846168518066,49.038459777832,48.3412322998047,45.497631072998,42.7230033874512,45.0704231262207,43.6619720458984,46.305419921875,43.3497543334961,41.8719215393066,38.9162559509277,36.7149772644043,37.6811599731445,36.7149772644043,36.2318840026855
Voice and Accountability: Percentile Rank,VA.PER.RNK,Botswana,BWA,74,70.1492538452148,67.6616897583008,68.1592025756836,68.1592025756836,72.5961532592773,65.8653869628906,62.5,61.538459777832,61.538459777832,58.7677726745605,60.6635055541992,60.0938949584961,64.3192520141602,63.8497657775879,61.0837440490723,61.5763549804688,59.6059112548828,59.1133003234863,61.3526573181152,62.8019332885742,60.8695640563965,59.9033813476563
Voice and Accountability: Percentile Rank,VA.PER.RNK,Brazil,BRA,57.5,58.7064666748047,58.2089538574219,62.6865653991699,62.1890563964844,60.5769233703613,63.9423065185547,61.0576934814453,63.9423065185547,63.9423065185547,62.5592422485352,65.8767776489258,63.3802833557129,62.9107971191406,60.5633811950684,62.0689659118652,62.0689659118652,62.0689659118652,61.0837440490723,58.937198638916,56.5217399597168,57.0048294067383,56.038646697998
Voice and Accountability: Percentile Rank,VA.PER.RNK,Brunei Darussalam,BRN,29,28.3582096099854,28.3582096099854,23.3830852508545,25.8706474304199,24.0384616851807,24.519229888916,18.269229888916,18.269229888916,19.230770111084,28.9099521636963,29.8578205108643,29.1079807281494,30.9859161376953,30.9859161376953,29.0640392303467,26.1083736419678,23.1527099609375,22.660099029541,24.1545886993408,21.7391300201416,22.7053146362305,24.1545886993408
Voice and Accountability: Percentile Rank,VA.PER.RNK,Bulgaria,BGR,63.5,63.1840782165527,62.1890563964844,63.6815910339355,65.1741256713867,66.3461532592773,66.3461532592773,65.8653869628906,68.2692337036133,65.8653869628906,64.9289093017578,64.4549789428711,61.5023460388184,61.5023460388184,58.2159614562988,59.6059112548828,61.0837440490723,59.1133003234863,60.0985221862793,58.4541053771973,58.4541053771973,56.038646697998,56.5217399597168
Voice and Accountability: Percentile Rank,VA.PER.RNK,Burkina Faso,BFA,34,37.8109436035156,44.2786064147949,39.3034820556641,40.2985076904297,35.0961532592773,34.1346168518066,34.6153831481934,36.538459777832,38.461540222168,37.9146919250488,37.9146919250488,37.5586853027344,38.0281677246094,39.9061050415039,35.9605903625488,42.8571434020996,48.2758636474609,48.2758636474609,42.512077331543,39.1304359436035,39.1304359436035,42.0289840698242
Voice and Accountability: Percentile Rank,VA.PER.RNK,Burundi,BDI,7.5,8.4577112197876,7.46268653869629,14.4278602600098,13.9303483963013,12.0192308425903,28.365385055542,27.4038467407227,26.9230766296387,28.8461532592773,29.3838863372803,20.8530807495117,21.1267604827881,23.474178314209,21.5962448120117,21.1822662353516,13.3004922866821,7.88177347183228,6.40394067764282,5.79710149765015,4.8309178352356,6.7632851600647,12.0772943496704
Voice and Accountability: Percentile Rank,VA.PER.RNK,Cabo Verde,CPV,75,73.6318435668945,72.1393051147461,69.1542282104492,65.6716384887695,68.75,62.5,72.5961532592773,72.5961532592773,74.5192337036133,73.459716796875,73.9336471557617,76.5258178710938,76.0563354492188,74.1784057617188,74.8768463134766,75.3694610595703,76.8472900390625,77.3399047851563,79.22705078125,78.260871887207,76.328498840332,78.260871887207
Voice and Accountability: Percentile Rank,VA.PER.RNK,Cambodia,KHM,25,24.8756217956543,25.3731346130371,26.8656711578369,23.3830852508545,22.115385055542,18.75,21.634614944458,21.634614944458,21.1538467407227,22.274881362915,21.8009471893311,22.0657272338867,20.1877937316895,19.7183094024658,18.7192115783691,18.2266006469727,18.2266006469727,15.7635469436646,13.5265703201294,15.4589376449585,12.5603866577148,10.6280193328857
Voice and Accountability: Percentile Rank,VA.PER.RNK,Cameroon,CMR,20,16.9154224395752,16.9154224395752,16.9154224395752,19.9004974365234,19.7115383148193,17.7884616851807,19.230770111084,19.230770111084,18.269229888916,17.0616111755371,17.0616111755371,19.2488269805908,17.3708915710449,17.8403759002686,21.674877166748,22.660099029541,21.1822662353516,20.1970443725586,17.3913040161133,15.9420289993286,15.4589376449585,17.8743953704834
Voice and Accountability: Percentile Rank,VA.PER.RNK,Canada,CAN,99,98.5074615478516,96.0198974609375,97.5124359130859,97.5124359130859,97.1153869628906,93.75,95.6730804443359,95.1923065185547,95.1923065185547,95.2606658935547,93.8388595581055,94.3661956787109,94.3661956787109,95.3051605224609,95.5665054321289,96.0591125488281,96.0591125488281,96.0591125488281,96.1352691650391,96.1352691650391,96.1352691650391,96.1352691650391
Voice and Accountability: Percentile Rank,VA.PER.RNK,Cayman Islands,CYM,99.5,100,99.0049743652344,100,76.1194000244141,77.4038467407227,75.4807662963867,72.1153869628906,70.6730804443359,70.1923065185547,64.4549789428711,66.3507080078125,66.1971817016602,65.2582168579102,65.2582168579102,63.0541877746582,62.5615768432617,63.0541877746582,62.0689659118652,62.8019332885742,61.3526573181152,61.835750579834,71.0144958496094
Voice and Accountability: Percentile Rank,VA.PER.RNK,Central African Republic,CAF,22.5,29.8507461547852,28.8557205200195,19.9004974365234,11.9402980804443,10.5769233703613,19.7115383148193,19.7115383148193,16.8269233703613,20.1923084259033,19.9052124023438,15.6398105621338,16.9014091491699,14.5539903640747,7.0422534942627,8.86699485778809,13.7931032180786,19.2118225097656,17.2413787841797,14.9758453369141,14.9758453369141,13.5265703201294,15.9420289993286
Voice and Accountability: Percentile Rank,VA.PER.RNK,Chad,TCD,17,19.9004974365234,19.9004974365234,21.3930339813232,17.412935256958,13.942307472229,9.13461494445801,8.65384578704834,8.65384578704834,8.65384578704834,9.00473976135254,10.4265403747559,10.7981224060059,9.85915470123291,10.3286380767822,10.837438583374,11.3300495147705,11.822660446167,11.822660446167,8.69565200805664,9.17874431610107,11.1111106872559,11.5942029953003
Voice and Accountability: Percentile Rank,VA.PER.RNK,Chile,CHL,69.5,65.6716384887695,74.1293563842773,80.0995025634766,82.0895538330078,88.9423065185547,89.4230804443359,86.0576934814453,85.0961532592773,80.288459777832,79.1469192504883,82.9383850097656,82.6291046142578,83.0985946655273,84.5070419311523,80.7881774902344,79.3103485107422,77.8325119018555,79.8029556274414,81.159423828125,79.7101440429688,80.1932373046875,79.22705078125
Voice and Accountability: Percentile Rank,VA.PER.RNK,China,CHN,12,8.95522403717041,9.95024871826172,6.46766185760498,7.46268653869629,8.17307662963867,7.692307472229,5.76923084259033,4.807692527771,5.76923084259033,4.7393364906311,5.21327018737793,5.63380289077759,4.6948356628418,4.6948356628418,5.41871929168701,4.92610836029053,7.38916254043579,7.88177347183228,9.17874431610107,6.7632851600647,4.8309178352356,5.31400966644287
Voice and Accountability: Percentile Rank,VA.PER.RNK,Colombia,COL,35,40.2985076904297,34.825870513916,37.8109436035156,36.3184089660645,38.9423065185547,38.461540222168,40.8653831481934,42.3076934814453,42.788459777832,42.6540298461914,42.6540298461914,46.948356628418,46.0093879699707,45.5399055480957,47.7832527160645,47.7832527160645,49.7536964416504,49.2610855102539,52.1739120483398,53.6231880187988,52.6570053100586,50.7246360778809
Voice and Accountability: Percentile Rank,VA.PER.RNK,Comoros,COM,36,39.8009948730469,17.9104480743408,40.7960205078125,31.343282699585,33.1730766296387,28.8461532592773,38.9423065185547,34.6153831481934,37.980770111084,36.0189590454102,34.1232223510742,35.2112693786621,34.2723007202148,32.8638496398926,37.9310340881348,36.9458122253418,36.9458122253418,35.9605903625488,31.8840579986572,27.5362319946289,27.0531406402588,28.9855079650879
Voice and Accountability: Percentile Rank,VA.PER.RNK,"Congo, Dem. Rep.",COD,4.5,3.48258709907532,2.98507452011108,5.97014904022217,6.46766185760498,3.8461537361145,6.73076915740967,12.5,12.5,9.61538505554199,8.53080558776855,9.47867298126221,7.51173686981201,7.0422534942627,8.45070457458496,12.3152713775635,12.3152713775635,9.35960578918457,8.3743839263916,7.72946882247925,13.043478012085,14.9758453369141,15.4589376449585
Voice and Accountability: Percentile Rank,VA.PER.RNK,"Congo, Rep.",COG,23,7.96019887924194,9.45273590087891,22.3880596160889,24.8756217956543,21.1538467407227,16.3461532592773,13.942307472229,11.5384616851807,15.384614944458,15.1658763885498,16.5876770019531,15.962441444397,15.4929580688477,15.4929580688477,18.2266006469727,21.1822662353516,15.2709360122681,16.2561569213867,15.4589376449585,14.0096616744995,14.4927539825439,14.9758453369141
Voice and Accountability: Percentile Rank,VA.PER.RNK,Cook Islands,COK,..,..,..,..,..,..,..,..,..,..,35.0710906982422,35.5450248718262,33.3333320617676,32.8638496398926,32.3943672180176,..,..,..,..,88.8888854980469,81.6425094604492,76.8115921020508,80.6763305664063
Voice and Accountability: Percentile Rank,VA.PER.RNK,Costa Rica,CRI,81.5,84.5771179199219,82.5870666503906,83.5820922851563,76.6169128417969,80.7692337036133,72.5961532592773,75.4807662963867,75,76.9230804443359,77.7251205444336,80.568717956543,81.2206573486328,83.5680770874023,83.0985946655273,85.2216720581055,86.2068939208984,84.7290649414063,84.7290649414063,83.5748825073242,83.5748825073242,85.5072479248047,84.5410614013672
Voice and Accountability: Percentile Rank,VA.PER.RNK,Cote d'Ivoire,CIV,32.5,30.8457717895508,20.8955230712891,18.4079608917236,15.4228858947754,14.9038457870483,10.0961542129517,11.057692527771,13.4615383148193,14.9038457870483,16.5876770019531,17.5355453491211,17.8403759002686,25.3521118164063,26.2910804748535,31.0344829559326,33.0049247741699,35.9605903625488,36.9458122253418,37.1980667114258,37.1980667114258,33.3333320617676,33.8164253234863
Voice and Accountability: Percentile Rank,VA.PER.RNK,Croatia,HRV,45,41.7910461425781,65.1741256713867,65.1741256713867,66.6666641235352,69.2307662963867,63.461540222168,60.5769233703613,62.980770111084,60.5769233703613,61.1374397277832,61.6113739013672,64.3192520141602,64.7887344360352,64.3192520141602,64.0394058227539,65.5172424316406,65.0246276855469,61.5763549804688,60.386474609375,60.386474609375,64.7342987060547,64.7342987060547
Voice and Accountability: Percentile Rank,VA.PER.RNK,Cuba,CUB,10.5,5.97014904022217,4.97512435913086,4.47761201858521,1.99004971981049,2.88461542129517,2.88461542129517,2.88461542129517,3.36538457870483,3.8461537361145,4.26540279388428,6.16113758087158,6.1032862663269,6.57277011871338,6.57277011871338,6.40394067764282,6.40394067764282,6.89655160903931,7.38916254043579,9.66183567047119,8.69565200805664,10.1449279785156,11.1111106872559
Voice and Accountability: Percentile Rank,VA.PER.RNK,Cyprus,CYP,78.5,76.6169128417969,80.5970153808594,84.0796051025391,78.6069641113281,79.8076934814453,79.8076934814453,82.211540222168,83.6538467407227,84.6153869628906,82.4644546508789,79.1469192504883,80.7511749267578,79.3427200317383,77.4647903442383,78.3251266479492,80.7881774902344,82.7586212158203,83.2512283325195,80.6763305664063,81.159423828125,75.3623199462891,73.9130401611328
Voice and Accountability: Percentile Rank,VA.PER.RNK,Czech Republic,CZE,78,75.1243743896484,71.1442794799805,76.6169128417969,79.6019897460938,80.288459777832,75.961540222168,77.4038467407227,79.3269195556641,81.7307662963867,81.0426559448242,78.6729888916016,79.8122100830078,76.9953079223633,77.9342727661133,78.8177337646484,82.2660064697266,81.2807846069336,75.3694610595703,74.3961334228516,73.4299545288086,79.22705078125,81.159423828125
Voice and Accountability: Percentile Rank,VA.PER.RNK,Denmark,DNK,96,95.5223846435547,97.5124359130859,99.0049743652344,99.5024871826172,100,100,100,97.1153869628906,99.038459777832,97.6303329467773,97.6303329467773,97.1830978393555,99.06103515625,99.530517578125,97.0443344116211,97.5369491577148,99.014778137207,97.0443344116211,97.5845413208008,98.5507278442383,97.5845413208008,98.5507278442383
Voice and Accountability: Percentile Rank,VA.PER.RNK,Djibouti,DJI,21.5,18.4079608917236,22.8855724334717,23.8805961608887,28.3582096099854,25,15.865385055542,17.3076915740967,13.942307472229,13.942307472229,13.7440757751465,13.2701425552368,8.92018795013428,7.98122072219849,7.51173686981201,8.3743839263916,9.35960578918457,11.3300495147705,10.837438583374,11.5942029953003,10.6280193328857,10.6280193328857,14.0096616744995
Voice and Accountability: Percentile Rank,VA.PER.RNK,Dominica,DMA,79.5,81.592041015625,82.0895538330078,83.0845794677734,81.592041015625,81.7307662963867,77.4038467407227,78.3653869628906,79.8076934814453,82.211540222168,78.6729888916016,76.3033142089844,76.9953079223633,76.5258178710938,76.9953079223633,81.2807846069336,74.3842391967773,75.3694610595703,75.8620681762695,73.9130401611328,74.8792266845703,73.9130401611328,72.9468612670898
Voice and Accountability: Percentile Rank,VA.PER.RNK,Dominican Republic,DOM,53,52.2388076782227,56.2189064025879,55.2238807678223,48.2587051391602,50.961540222168,48.5576934814453,53.8461532592773,54.3269233703613,52.8846168518066,51.6587677001953,51.1848335266113,52.582160949707,55.3990592956543,53.9906120300293,54.1871910095215,52.2167472839355,52.709358215332,52.709358215332,50.2415466308594,53.1400947570801,54.5893707275391,57.0048294067383
Voice and Accountability: Percentile Rank,VA.PER.RNK,Ecuador,ECU,51.5,53.7313423156738,43.7810935974121,47.2636833190918,43.7810935974121,40.8653831481934,36.538459777832,37.980770111084,43.269229888916,40.3846168518066,39.3364944458008,38.8625602722168,37.0892028808594,38.4976539611816,40.3755874633789,39.9014778137207,39.4088668823242,38.4236450195313,40.8866996765137,46.3768119812012,47.8260879516602,45.8937187194824,51.2077293395996
Voice and Accountability: Percentile Rank,VA.PER.RNK,"Egypt, Arab Rep.",EGY,22,21.3930339813232,22.3880596160889,16.4179096221924,18.4079608917236,21.634614944458,21.1538467407227,14.4230766296387,14.9038457870483,13.4615383148193,14.2180099487305,13.7440757751465,14.0845069885254,25.8215961456299,16.9014091491699,14.7783250808716,14.7783250808716,14.2857141494751,13.3004922866821,13.043478012085,8.21256065368652,7.72946882247925,8.21256065368652
Voice and Accountability: Percentile Rank,VA.PER.RNK,El Salvador,SLV,47.5,49.7512435913086,51.243782043457,52.7363166809082,52.2388076782227,50,48.0769233703613,51.4423065185547,50.480770111084,50.961540222168,49.7630348205566,50.7108993530273,50.7042236328125,46.948356628418,47.417839050293,51.2315254211426,51.7241363525391,53.2019691467285,52.2167472839355,47.8260879516602,50.7246360778809,50.7246360778809,45.4106292724609
Voice and Accountability: Percentile Rank,VA.PER.RNK,Equatorial Guinea,GNQ,8,6.46766185760498,6.46766185760498,4.97512435913086,4.47761201858521,5.28846168518066,4.807692527771,3.36538457870483,2.88461542129517,2.88461542129517,3.79146909713745,3.3175356388092,2.81690144538879,2.3474178314209,1.877934217453,1.97044336795807,1.97044336795807,1.97044336795807,1.47783255577087,2.4154589176178,2.4154589176178,2.89855074882507,2.89855074882507
Voice and Accountability: Percentile Rank,VA.PER.RNK,Eritrea,ERI,11.5,13.4328355789185,7.96019887924194,1.99004971981049,1.49253726005554,1.44230771064758,0,1.44230771064758,1.92307686805725,0.961538434028625,0.473933637142181,0.473933637142181,0.469483554363251,0.938967108726501,0.938967108726501,1.47783255577087,0.985221683979034,0.985221683979034,0.492610841989517,0.483091801404953,0.483091801404953,0.483091801404953,0.483091801404953
Voice and Accountability: Percentile Rank,VA.PER.RNK,Estonia,EST,74.5,78.1094512939453,77.1144256591797,79.6019897460938,82.5870666503906,83.6538467407227,80.7692337036133,84.6153869628906,84.1346130371094,85.5769195556641,83.8862533569336,83.4123229980469,87.3239440917969,85.9154891967773,85.9154891967773,88.1773376464844,87.1921157836914,89.1625595092773,89.6551742553711,87.9227066040039,87.4396133422852,88.4057998657227,89.3719787597656
Voice and Accountability: Percentile Rank,VA.PER.RNK,Eswatini,SWZ,12.5,12.93532371521,8.4577112197876,9.95024871826172,6.96517419815063,7.692307472229,8.17307662963867,12.0192308425903,10.0961542129517,11.5384616851807,12.3222751617432,12.3222751617432,12.2065725326538,13.1455402374268,13.1455402374268,10.3448276519775,9.85221672058105,8.3743839263916,8.86699485778809,11.1111106872559,12.5603866577148,13.043478012085,13.5265703201294
Voice and Accountability: Percentile Rank,VA.PER.RNK,Ethiopia,ETH,16.5,18.9054718017578,18.4079608917236,13.4328355789185,16.9154224395752,16.3461532592773,11.5384616851807,15.384614944458,12.9807691574097,12.5,11.3744077682495,10.9004735946655,10.3286380767822,11.7370891571045,12.6760559082031,12.8078813552856,12.8078813552856,9.85221672058105,9.85221672058105,15.9420289993286,19.3236713409424,20.7729473114014,20.2898559570313
Voice and Accountability: Percentile Rank,VA.PER.RNK,Fiji,FJI,56,56.2189064025879,38.3084564208984,50.2487564086914,49.7512435913086,47.1153831481934,52.8846168518066,35.5769233703613,29.8076915740967,28.365385055542,22.748815536499,15.1658763885498,16.4319248199463,19.7183094024658,23.0046939849854,41.8719215393066,48.2758636474609,48.7684745788574,50.2463035583496,50.7246360778809,46.3768119812012,47.3429946899414,40.0966186523438
Voice and Accountability: Percentile Rank,VA.PER.RNK,Finland,FIN,95,95.0248718261719,99.5024871826172,99.5024871826172,99.0049743652344,99.5192337036133,99.5192337036133,97.1153869628906,96.6346130371094,96.6346130371094,96.6824645996094,96.6824645996094,96.2441329956055,96.7136154174805,97.1830978393555,97.5369491577148,96.5517272949219,97.0443344116211,99.014778137207,98.5507278442383,99.5169067382813,99.5169067382813,99.5169067382813
Voice and Accountability: Percentile Rank,VA.PER.RNK,France,FRA,89,86.0696487426758,86.0696487426758,85.572135925293,85.0746231079102,91.8269195556641,92.788459777832,91.8269195556641,91.3461532592773,91.3461532592773,90.5213241577148,90.0473937988281,88.7323913574219,89.6713638305664,89.6713638305664,89.6551742553711,89.6551742553711,85.2216720581055,85.7142868041992,86.9565200805664,85.5072479248047,82.6086959838867,87.9227066040039
Voice and Accountability: Percentile Rank,VA.PER.RNK,French Guiana,GUF,65,64.6766204833984,64.6766204833984,62.1890563964844,64.1791076660156,64.4230804443359,60.5769233703613,57.211540222168,56.25,57.211540222168,82.9383850097656,84.8341217041016,83.5680770874023,86.3849792480469,87.3239440917969,92.1182250976563,91.625617980957,92.1182250976563,92.61083984375,90.8212585449219,91.7874374389648,92.7536239624023,91.7874374389648
Voice and Accountability: Percentile Rank,VA.PER.RNK,Gabon,GAB,40,38.3084564208984,33.8308448791504,32.8358192443848,28.8557205200195,25.480770111084,24.0384616851807,21.1538467407227,24.519229888916,25,20.8530807495117,24.6445503234863,22.5352115631104,24.4131450653076,24.4131450653076,23.645320892334,23.1527099609375,22.660099029541,19.7044334411621,21.7391300201416,20.2898559570313,21.7391300201416,23.1884059906006
Voice and Accountability: Percentile Rank,VA.PER.RNK,"Gambia, The",GMB,13,20.8955230712891,16.4179096221924,28.3582096099854,33.8308448791504,27.4038467407227,19.230770111084,24.0384616851807,23.5576915740967,23.5576915740967,18.9573459625244,16.1137447357178,13.6150236129761,12.6760559082031,13.6150236129761,13.3004922866821,8.86699485778809,13.3004922866821,29.5566501617432,37.6811599731445,36.7149772644043,38.6473426818848,42.512077331543
Voice and Accountability: Percentile Rank,VA.PER.RNK,Georgia,GEO,38.5,39.3034820556641,42.2885589599609,33.8308448791504,42.2885589599609,46.6346168518066,47.5961532592773,43.75,38.461540222168,39.4230766296387,41.2322273254395,41.7061614990234,41.7840385437012,50.2347412109375,55.3990592956543,57.6354675292969,56.6502456665039,55.6650238037109,54.679801940918,55.5555572509766,52.6570053100586,49.7584533691406,47.3429946899414
Voice and Accountability: Percentile Rank,VA.PER.RNK,Germany,DEU,90,89.0547256469727,89.5522384643555,94.5273666381836,93.532341003418,93.75,93.2692337036133,93.2692337036133,93.2692337036133,93.75,92.890998840332,92.4170608520508,93.4272308349609,93.4272308349609,93.4272308349609,96.0591125488281,95.5665054321289,95.0738906860352,95.5665054321289,94.6859893798828,95.6521759033203,94.2028961181641,95.6521759033203
Voice and Accountability: Percentile Rank,VA.PER.RNK,Ghana,GHA,44,44.7761192321777,52.7363166809082,49.7512435913086,57.2139320373535,54.3269233703613,57.211540222168,58.6538467407227,60.5769233703613,58.6538467407227,61.6113739013672,63.0331764221191,62.4413146972656,61.9718322753906,62.4413146972656,61.5763549804688,64.0394058227539,67.4876861572266,66.9950714111328,66.6666641235352,64.7342987060547,62.8019332885742,60.8695640563965
Voice and Accountability: Percentile Rank,VA.PER.RNK,Greece,GRC,76.5,82.0895538330078,78.6069641113281,78.6069641113281,86.5671615600586,87.0192337036133,83.6538467407227,77.8846130371094,78.8461532592773,73.5576934814453,73.9336471557617,74.407585144043,72.7699508666992,69.4835662841797,68.0751190185547,68.4729080200195,70.4433517456055,70.4433517456055,69.4581298828125,71.4975814819336,72.4637680053711,78.7439651489258,78.7439651489258
Voice and Accountability: Percentile Rank,VA.PER.RNK,Greenland,GRL,..,..,..,..,..,..,..,..,..,..,90.9952621459961,91.4691925048828,91.5492935180664,91.5492935180664,91.5492935180664,92.1182250976563,91.625617980957,92.1182250976563,92.61083984375,90.8212585449219,91.7874374389648,92.7536239624023,91.7874374389648
Voice and Accountability: Percentile Rank,VA.PER.RNK,Grenada,GRD,66,68.6567153930664,69.1542282104492,70.6467666625977,71.1442794799805,65.8653869628906,64.4230804443359,70.6730804443359,71.6346130371094,72.1153869628906,71.0900497436523,71.5639801025391,71.3615036010742,70.4225387573242,70.8920211791992,73.3990173339844,72.4137954711914,72.4137954711914,71.4285736083984,63.7681159973145,70.0483093261719,69.5652160644531,70.0483093261719
Voice and Accountability: Percentile Rank,VA.PER.RNK,Guam,GUM,..,..,..,..,..,67.788459777832,70.6730804443359,65.3846130371094,78.3653869628906,79.3269195556641,77.2511825561523,70.6161117553711,70.8920211791992,73.2394332885742,72.3004684448242,..,..,..,..,86.4734268188477,85.0241546630859,77.7777786254883,71.4975814819336
Voice and Accountability: Percentile Rank,VA.PER.RNK,Guatemala,GTM,42.5,43.7810935974121,40.7960205078125,40.2985076904297,34.3283576965332,38.461540222168,37.5,41.3461532592773,41.8269233703613,41.3461532592773,39.8104248046875,36.4928894042969,36.6197166442871,35.6807518005371,36.1502342224121,36.9458122253418,35.9605903625488,37.4384231567383,37.4384231567383,34.2995185852051,34.7826080322266,35.2657012939453,34.2995185852051
Voice and Accountability: Percentile Rank,VA.PER.RNK,Guinea,GIN,13.5,14.9253730773926,14.9253730773926,12.4378108978271,12.93532371521,12.5,13.942307472229,12.9807691574097,9.61538505554199,9.13461494445801,10.9004735946655,22.274881362915,23.9436626434326,17.8403759002686,18.3098583221436,24.1379318237305,24.1379318237305,25.1231517791748,25.6157627105713,25.6038646697998,25.6038646697998,23.1884059906006,21.2560386657715
Voice and Accountability: Percentile Rank,VA.PER.RNK,Guinea-Bissau,GNB,18,20.3980102539063,29.8507461547852,29.3532333374023,19.4029846191406,23.0769233703613,33.1730766296387,29.3269233703613,27.4038467407227,27.884614944458,27.488151550293,26.5402851104736,25.3521118164063,10.7981224060059,11.2676057815552,24.630542755127,26.6009845733643,26.1083736419678,24.630542755127,28.019323348999,32.3671493530273,34.2995185852051,38.164249420166
Voice and Accountability: Percentile Rank,VA.PER.RNK,Guyana,GUY,58,61.1940307617188,62.6865653991699,64.1791076660156,61.6915435791016,51.9230766296387,41.8269233703613,50.480770111084,50.961540222168,51.4423065185547,52.1327018737793,50.2369651794434,50.2347412109375,49.7652587890625,49.7652587890625,52.2167472839355,53.2019691467285,54.679801940918,55.6650238037109,55.0724639892578,54.5893707275391,54.1062812805176,55.5555572509766
Voice and Accountability: Percentile Rank,VA.PER.RNK,Haiti,HTI,27,32.3383102416992,27.8606967926025,13.9303483963013,12.4378108978271,9.61538505554199,12.5,28.365385055542,30.2884616851807,29.3269233703613,29.8578205108643,28.4360198974609,26.7605628967285,26.2910804748535,26.7605628967285,25.6157627105713,25.1231517791748,25.6157627105713,26.1083736419678,26.57004737854,26.0869560241699,24.6376819610596,22.7053146362305
Voice and Accountability: Percentile Rank,VA.PER.RNK,Honduras,HND,43,48.2587051391602,49.2537307739258,44.2786064147949,42.7860679626465,37.980770111084,37.980770111084,42.3076934814453,40.3846168518066,37.5,30.3317527770996,31.7535552978516,31.9248828887939,33.3333320617676,31.4553985595703,33.9901466369629,31.5270938873291,32.5123138427734,32.5123138427734,30.917875289917,30.4347820281982,30.4347820281982,32.8502426147461
Voice and Accountability: Percentile Rank,VA.PER.RNK,"Hong Kong SAR, China",HKG,62,46.766170501709,51.7412948608398,54.2288551330566,62.6865653991699,65.3846130371094,67.3076934814453,61.538459777832,60.0961532592773,59.1346168518066,60.6635055541992,63.5071105957031,65.7276992797852,66.6666641235352,69.9530487060547,65.5172424316406,64.5320205688477,58.1280784606934,59.6059112548828,60.8695640563965,51.2077293395996,47.8260879516602,38.6473426818848
Voice and Accountability: Percentile Rank,VA.PER.RNK,Hungary,HUN,77,80.0995025634766,85.0746231079102,86.0696487426758,87.0646743774414,85.5769195556641,86.538459777832,78.8461532592773,80.7692337036133,76.4423065185547,74.8815155029297,73.459716796875,73.2394332885742,70.8920211791992,70.4225387573242,66.5024642944336,66.5024642944336,58.6206893920898,65.0246276855469,63.2850227355957,57.9710159301758,58.937198638916,58.937198638916
Voice and Accountability: Percentile Rank,VA.PER.RNK,Iceland,ISL,94,94.0298538208008,94.5273666381836,96.5174102783203,98.5074615478516,95.6730804443359,95.6730804443359,96.1538467407227,96.1538467407227,96.1538467407227,95.7345962524414,95.7345962524414,95.3051605224609,94.8356781005859,94.8356781005859,93.1034469604492,93.596061706543,94.5812835693359,94.5812835693359,93.2367172241211,93.2367172241211,94.6859893798828,93.7198104858398
Voice and Accountability: Percentile Rank,VA.PER.RNK,India,IND,64,61.6915435791016,59.2039794921875,61.1940307617188,63.1840782165527,61.538459777832,61.538459777832,59.1346168518066,59.6153831481934,60.0961532592773,59.7156410217285,60.1895751953125,61.0328636169434,61.0328636169434,61.5023460388184,60.0985221862793,60.5911331176758,61.5763549804688,58.6206893920898,57.9710159301758,56.038646697998,53.1400947570801,51.6908226013184
Voice and Accountability: Percentile Rank,VA.PER.RNK,Indonesia,IDN,20.5,17.412935256958,43.2835807800293,41.7910461425781,40.7960205078125,40.3846168518066,45.6730766296387,45.1923065185547,46.6346168518066,47.1153831481934,47.8672981262207,48.3412322998047,48.8262901306152,52.582160949707,50.2347412109375,51.7241363525391,53.694580078125,51.7241363525391,51.2315254211426,51.6908226013184,51.6908226013184,52.1739120483398,52.6570053100586
Voice and Accountability: Percentile Rank,VA.PER.RNK,"Iran, Islamic Rep.",IRN,19.5,23.3830852508545,21.3930339813232,17.412935256958,11.4427862167358,12.9807691574097,10.5769233703613,8.17307662963867,7.692307472229,7.21153831481934,6.63507127761841,6.63507127761841,7.0422534942627,5.63380289077759,5.16431903839111,5.9113302230835,7.88177347183228,12.3152713775635,12.8078813552856,12.5603866577148,12.0772943496704,8.21256065368652,9.17874431610107
Voice and Accountability: Percentile Rank,VA.PER.RNK,Iraq,IRQ,0,0.995024859905243,1.49253726005554,0.497512429952621,7.96019887924194,4.807692527771,9.61538505554199,10.0961542129517,15.865385055542,16.3461532592773,18.0094795227051,19.4312801361084,18.3098583221436,16.4319248199463,16.4319248199463,15.7635469436646,17.7339897155762,22.1674880981445,20.6896553039551,20.7729473114014,22.2222213745117,21.2560386657715,21.7391300201416
Voice and Accountability: Percentile Rank,VA.PER.RNK,Ireland,IRL,91.5,92.5373153686523,93.0348281860352,89.5522384643555,90.0497512817383,93.2692337036133,97.5961532592773,95.1923065185547,95.6730804443359,95.6730804443359,93.8388595581055,93.3649291992188,92.4882659912109,92.0187759399414,92.0187759399414,92.61083984375,92.61083984375,92.61083984375,90.6403961181641,91.3043441772461,93.7198104858398,95.1690826416016,95.1690826416016
Voice and Accountability: Percentile Rank,VA.PER.RNK,Israel,ISR,69,66.1691513061523,68.6567153930664,66.1691513061523,67.164176940918,69.711540222168,68.2692337036133,71.1538467407227,69.711540222168,69.2307662963867,65.4028472900391,66.8246459960938,67.6056365966797,67.6056365966797,67.1361465454102,70.9359588623047,71.9211807250977,71.9211807250977,70.9359588623047,68.5990371704102,68.5990371704102,68.5990371704102,67.6328506469727
Voice and Accountability: Percentile Rank,VA.PER.RNK,Italy,ITA,84.5,79.6019897460938,79.6019897460938,78.1094512939453,77.6119384765625,86.538459777832,81.7307662963867,83.1730804443359,86.0576934814453,81.25,81.5165863037109,75.8293838500977,75.1173706054688,74.6478881835938,76.0563354492188,77.8325119018555,81.2807846069336,81.7733993530273,78.8177337646484,78.260871887207,77.2946853637695,82.125602722168,85.0241546630859
Voice and Accountability: Percentile Rank,VA.PER.RNK,Jamaica,JAM,65.5,69.1542282104492,68.1592025756836,66.6666641235352,64.6766204833984,61.0576934814453,62.019229888916,67.3076934814453,67.3076934814453,66.3461532592773,66.3507080078125,61.1374397277832,61.9718322753906,63.3802833557129,64.7887344360352,67.4876861572266,68.9655151367188,70.9359588623047,69.9507369995117,67.6328506469727,66.6666641235352,67.1497573852539,65.7004852294922
Voice and Accountability: Percentile Rank,VA.PER.RNK,Japan,JPN,81,74.6268692016602,75.6218872070313,75.6218872070313,83.5820922851563,82.6923065185547,81.25,76.9230804443359,75.961540222168,75.4807662963867,79.620849609375,81.0426559448242,82.1596221923828,84.5070419311523,84.9765243530273,79.3103485107422,78.8177337646484,77.3399047851563,80.2955627441406,80.1932373046875,77.7777786254883,79.7101440429688,83.5748825073242
Voice and Accountability: Percentile Rank,VA.PER.RNK,"Jersey, Channel Islands",JEY,..,..,..,..,..,..,..,..,..,..,..,..,91.5492935180664,91.5492935180664,91.5492935180664,92.1182250976563,91.625617980957,92.1182250976563,92.61083984375,90.8212585449219,91.7874374389648,92.7536239624023,91.7874374389648
Voice and Accountability: Percentile Rank,VA.PER.RNK,Jordan,JOR,42,36.3184089660645,41.7910461425781,25.3731346130371,29.8507461547852,31.730770111084,32.211540222168,27.884614944458,28.8461532592773,26.9230766296387,27.014217376709,27.014217376709,26.2910804748535,26.7605628967285,24.8826293945313,26.6009845733643,25.6157627105713,27.0935955047607,26.6009845733643,27.5362319946289,28.019323348999,28.019323348999,26.0869560241699
Voice and Accountability: Percentile Rank,VA.PER.RNK,Kazakhstan,KAZ,18.5,27.8606967926025,20.3980102539063,17.9104480743408,17.9104480743408,18.269229888916,18.269229888916,15.865385055542,15.384614944458,16.8269233703613,15.6398105621338,14.2180099487305,15.023473739624,15.023473739624,14.0845069885254,14.2857141494751,16.2561569213867,13.7931032180786,13.7931032180786,14.0096616744995,14.4927539825439,15.9420289993286,18.8405799865723
Voice and Accountability: Percentile Rank,VA.PER.RNK,Kenya,KEN,28.5,22.8855724334717,23.8805961608887,27.8606967926025,41.2935333251953,41.8269233703613,41.3461532592773,42.788459777832,37.980770111084,38.9423065185547,36.4928894042969,39.3364944458008,38.0281677246094,38.9671363830566,41.7840385437012,42.8571434020996,42.3645324707031,42.3645324707031,39.9014778137207,33.8164253234863,35.7487907409668,35.7487907409668,35.7487907409668
Voice and Accountability: Percentile Rank,VA.PER.RNK,Kiribati,KIR,85,86.5671615600586,85.572135925293,81.0945281982422,77.1144256591797,62.5,52.4038467407227,69.711540222168,67.788459777832,70.6730804443359,68.2464447021484,68.2464447021484,73.7089233398438,71.3615036010742,72.7699508666992,74.3842391967773,77.8325119018555,78.8177337646484,82.7586212158203,85.9903411865234,82.6086959838867,86.4734268188477,86.9565200805664
Voice and Accountability: Percentile Rank,VA.PER.RNK,"Korea, Dem. People's Rep.",PRK,0.5,0,0,0,0,0.480769217014313,0.961538434028625,0,0,0,0,0,0,0.469483554363251,0,0.492610841989517,0.492610841989517,0,0,0,0,0,0
Voice and Accountability: Percentile Rank,VA.PER.RNK,"Korea, Rep.",KOR,67.5,66.6666641235352,66.6666641235352,69.651741027832,68.6567153930664,72.1153869628906,71.6346130371094,69.2307662963867,68.75,68.2692337036133,68.7203826904297,69.6682434082031,69.4835662841797,69.9530487060547,68.5446014404297,70.4433517456055,69.4581298828125,68.4729080200195,71.9211807250977,73.4299545288086,71.0144958496094,71.4975814819336,77.7777786254883
Voice and Accountability: Percentile Rank,VA.PER.RNK,Kosovo,XKX,3.5,11.9402980804443,27.3631839752197,38.8059692382813,39.8009948730469,37.019229888916,36.0576934814453,31.730770111084,36.0576934814453,36.0576934814453,44.0758285522461,41.2322273254395,39.9061050415039,41.3145523071289,41.3145523071289,40.3940887451172,41.8719215393066,41.3793106079102,42.3645324707031,38.6473426818848,41.062801361084,39.613525390625,43.4782600402832
Voice and Accountability: Percentile Rank,VA.PER.RNK,Kuwait,KWT,41.5,41.2935333251953,39.8009948730469,39.8009948730469,38.3084564208984,39.9038467407227,33.6538467407227,30.769229888916,32.211540222168,30.2884616851807,31.7535552978516,30.3317527770996,30.046947479248,27.6995296478271,28.1690139770508,28.5714282989502,28.0788173675537,29.0640392303467,30.5418720245361,29.9516906738281,28.5024147033691,29.9516906738281,29.9516906738281
Voice and Accountability: Percentile Rank,VA.PER.RNK,Kyrgyz Republic,KGZ,24,25.3731346130371,15.4228858947754,19.4029846191406,20.8955230712891,19.230770111084,23.0769233703613,25.9615383148193,20.6730766296387,17.3076915740967,18.4834117889404,21.3270149230957,28.6384983062744,28.6384983062744,30.046947479248,32.5123138427734,33.4975357055664,33.4975357055664,33.0049247741699,34.7826080322266,33.3333320617676,31.8840579986572,32.3671493530273
Voice and Accountability: Percentile Rank,VA.PER.RNK,Lao PDR,LAO,15,10.945273399353,10.945273399353,3.48258709907532,2.48756217956543,6.73076915740967,5.76923084259033,6.73076915740967,5.28846168518066,5.28846168518066,5.21327018737793,5.68720388412476,4.6948356628418,4.22535228729248,4.22535228729248,4.43349742889404,4.43349742889404,4.43349742889404,4.43349742889404,4.34782600402832,3.38164258003235,3.38164258003235,4.34782600402832
Voice and Accountability: Percentile Rank,VA.PER.RNK,Latvia,LVA,70,71.6417922973633,70.1492538452148,72.6368179321289,71.6417922973633,71.1538467407227,72.1153869628906,74.038459777832,72.1153869628906,71.1538467407227,72.0379180908203,72.0379180908203,69.9530487060547,71.8309860229492,71.3615036010742,72.4137954711914,73.3990173339844,73.8916244506836,73.8916244506836,72.9468612670898,73.9130401611328,73.4299545288086,75.3623199462891
Voice and Accountability: Percentile Rank,VA.PER.RNK,Lebanon,LBN,39,37.3134346008301,39.3034820556641,28.8557205200195,33.3333320617676,36.538459777832,40.3846168518066,33.6538467407227,33.6538467407227,34.1346168518066,35.5450248718262,36.0189590454102,34.7417831420898,35.2112693786621,35.2112693786621,33.4975357055664,31.0344829559326,32.019702911377,31.5270938873291,31.4009666442871,31.8840579986572,32.8502426147461,30.917875289917
Voice and Accountability: Percentile Rank,VA.PER.RNK,Lesotho,LSO,35.5,35.3233833312988,37.3134346008301,50.7462692260742,47.7611923217773,45.1923065185547,42.788459777832,52.8846168518066,47.1153831481934,45.6730766296387,45.0236968994141,44.0758285522461,45.5399055480957,53.051643371582,54.4600944519043,53.694580078125,50.2463035583496,46.7980308532715,46.305419921875,46.8599052429199,44.4444427490234,45.4106292724609,46.3768119812012
Voice and Accountability: Percentile Rank,VA.PER.RNK,Liberia,LBR,10,21.8905467987061,18.9054718017578,11.9402980804443,9.45273590087891,11.057692527771,35.0961532592773,41.8269233703613,43.75,41.8269233703613,41.7061614990234,39.8104248046875,38.4976539611816,37.5586853027344,35.6807518005371,38.9162559509277,38.4236450195313,42.8571434020996,47.7832527160645,44.4444427490234,42.9951705932617,43.4782600402832,45.8937187194824
Voice and Accountability: Percentile Rank,VA.PER.RNK,Libya,LBY,9.5,4.47761201858521,4.47761201858521,2.48756217956543,3.48258709907532,2.4038462638855,2.4038462638855,2.4038462638855,2.4038462638855,2.4038462638855,2.84360194206238,2.84360194206238,6.57277011871338,23.0046939849854,20.6572761535645,17.7339897155762,10.837438583374,8.86699485778809,9.35960578918457,6.7632851600647,7.72946882247925,12.0772943496704,10.1449279785156
Voice and Accountability: Percentile Rank,VA.PER.RNK,Liechtenstein,LIE,98.5,97.5124359130859,97.0149230957031,92.5373153686523,92.5373153686523,91.3461532592773,95.1923065185547,90.8653869628906,91.8269195556641,91.8269195556641,98.1042633056641,99.5260696411133,97.6525802612305,96.2441329956055,96.2441329956055,95.0738906860352,95.0738906860352,90.1477813720703,90.1477813720703,91.7874374389648,89.3719787597656,90.3381652832031,93.2367172241211
Voice and Accountability: Percentile Rank,VA.PER.RNK,Lithuania,LTU,75.5,74.1293563842773,73.6318435668945,73.1343307495117,74.1293563842773,77.8846130371094,74.5192337036133,74.5192337036133,74.038459777832,72.5961532592773,74.407585144043,75.3554534912109,74.6478881835938,75.1173706054688,75.5868530273438,76.3546829223633,77.3399047851563,78.3251266479492,78.3251266479492,76.8115921020508,80.1932373046875,81.159423828125,82.125602722168
Voice and Accountability: Percentile Rank,VA.PER.RNK,Luxembourg,LUX,96.5,96.5174102783203,95.0248718261719,94.0298538208008,97.0149230957031,96.6346130371094,96.1538467407227,99.5192337036133,99.5192337036133,99.5192337036133,100,98.5782012939453,99.06103515625,98.591552734375,98.591552734375,98.5221710205078,97.0443344116211,96.5517272949219,97.5369491577148,97.101448059082,97.101448059082,96.6183547973633,97.5845413208008
Voice and Accountability: Percentile Rank,VA.PER.RNK,"Macao SAR, China",MAC,60,57.2139320373535,57.7114410400391,62.1890563964844,69.651741027832,55.288459777832,60.5769233703613,57.211540222168,48.0769233703613,50,67.7725143432617,67.7725143432617,67.1361465454102,40.8450698852539,38.9671363830566,37.4384231567383,45.320198059082,44.8275871276855,43.8423652648926,42.0289840698242,35.2657012939453,37.1980667114258,33.3333320617676
Voice and Accountability: Percentile Rank,VA.PER.RNK,Madagascar,MDG,46.5,55.2238807678223,53.233829498291,45.2736320495605,48.756217956543,48.5576934814453,45.1923065185547,43.269229888916,44.711540222168,35.5769233703613,26.0663509368896,25.5924167633057,24.8826293945313,23.9436626434326,25.8215961456299,31.5270938873291,34.4827575683594,35.4679794311523,34.9753684997559,36.2318840026855,38.164249420166,37.6811599731445,36.7149772644043
Voice and Accountability: Percentile Rank,VA.PER.RNK,Malawi,MWI,49,50.7462692260742,46.766170501709,30.8457717895508,36.8159217834473,32.211540222168,31.730770111084,38.461540222168,37.5,39.9038467407227,43.1279602050781,40.7582931518555,39.4366188049316,42.2535209655762,42.7230033874512,46.7980308532715,47.290641784668,45.8128089904785,44.8275871276855,41.5458946228027,41.5458946228027,46.3768119812012,49.7584533691406
Voice and Accountability: Percentile Rank,VA.PER.RNK,Malaysia,MYS,44.5,35.8208961486816,35.3233833312988,34.3283576965332,35.3233833312988,41.3461532592773,44.711540222168,31.25,32.6923065185547,29.8076915740967,31.2796211242676,32.2274894714355,31.4553985595703,36.1502342224121,37.0892028808594,35.4679794311523,33.9901466369629,33.9901466369629,34.4827575683594,40.5797119140625,43.4782600402832,40.0966186523438,39.1304359436035
Voice and Accountability: Percentile Rank,VA.PER.RNK,Maldives,MDV,28,30.348258972168,26.3681583404541,22.8855724334717,21.3930339813232,15.865385055542,20.1923084259033,20.1923084259033,22.115385055542,37.019229888916,45.971565246582,46.445499420166,43.1924896240234,33.8028182983398,33.3333320617676,34.9753684997559,30.0492610931396,26.6009845733643,25.1231517791748,29.468599319458,32.8502426147461,36.2318840026855,37.1980667114258
Voice and Accountability: Percentile Rank,VA.PER.RNK,Mali,MLI,51,47.7611923217773,50.7462692260742,57.2139320373535,60.1990051269531,56.730770111084,58.6538467407227,56.25,54.8076934814453,54.8076934814453,50.7108993530273,54.502368927002,54.9295768737793,31.4553985595703,38.4976539611816,42.3645324707031,40.3940887451172,40.3940887451172,38.4236450195313,35.7487907409668,33.8164253234863,28.5024147033691,27.5362319946289
Voice and Accountability: Percentile Rank,VA.PER.RNK,Malta,MLT,85.5,84.0796051025391,86.5671615600586,86.5671615600586,92.0398025512695,90.3846130371094,88.9423065185547,89.9038467407227,90.8653869628906,90.8653869628906,87.6777267456055,88.6255950927734,87.7934265136719,88.2629089355469,87.7934265136719,89.1625595092773,89.1625595092773,88.6699523925781,87.1921157836914,82.6086959838867,83.0917892456055,84.5410614013672,84.0579681396484
Voice and Accountability: Percentile Rank,VA.PER.RNK,Marshall Islands,MHL,86.5,88.059700012207,87.5621871948242,88.059700012207,88.5572128295898,87.9807662963867,87.0192337036133,88.461540222168,88.461540222168,88.461540222168,87.2037887573242,84.3601913452148,86.8544616699219,84.9765243530273,88.2629089355469,86.6995086669922,86.6995086669922,88.1773376464844,88.1773376464844,77.2946853637695,85.9903411865234,87.4396133422852,87.4396133422852
Voice and Accountability: Percentile Rank,VA.PER.RNK,Martinique,MTQ,71,69.651741027832,69.651741027832,68.6567153930664,69.651741027832,74.5192337036133,70.6730804443359,65.3846130371094,62.5,62.980770111084,63.0331764221191,65.4028472900391,65.2582168579102,65.7276992797852,65.7276992797852,..,..,..,..,..,..,..,..
Voice and Accountability: Percentile Rank,VA.PER.RNK,Mauritania,MRT,33.5,29.3532333374023,24.8756217956543,25.8706474304199,26.3681583404541,17.7884616851807,22.5961532592773,25.480770111084,29.3269233703613,21.634614944458,21.8009471893311,22.748815536499,21.5962448120117,21.5962448120117,21.1267604827881,22.1674880981445,23.645320892334,24.630542755127,24.1379318237305,23.6714973449707,24.6376819610596,25.1207733154297,28.5024147033691
Voice and Accountability: Percentile Rank,VA.PER.RNK,Mauritius,MUS,73.5,77.6119384765625,76.6169128417969,71.1442794799805,72.6368179321289,75.4807662963867,73.0769195556641,75,73.5576934814453,73.0769195556641,70.6161117553711,71.0900497436523,71.8309860229492,74.1784057617188,75.1173706054688,73.8916244506836,72.9064025878906,72.9064025878906,73.3990173339844,71.0144958496094,71.4975814819336,70.5314025878906,66.6666641235352
Voice and Accountability: Percentile Rank,VA.PER.RNK,Mexico,MEX,50.5,50.2487564086914,57.2139320373535,58.7064666748047,60.6965179443359,58.6538467407227,57.6923065185547,51.9230766296387,52.4038467407227,51.9230766296387,55.4502372741699,54.9763031005859,53.051643371582,53.9906120300293,53.051643371582,48.7684745788574,44.3349761962891,43.8423652648926,42.8571434020996,45.4106292724609,45.8937187194824,44.9275360107422,43.961353302002
Voice and Accountability: Percentile Rank,VA.PER.RNK,"Micronesia, Fed. Sts.",FSM,84,76.1194000244141,78.1094512939453,77.6119384765625,81.0945281982422,75,79.3269195556641,84.1346130371094,82.6923065185547,85.0961532592773,83.4123229980469,81.9905242919922,77.4647903442383,77.9342727661133,78.8732376098633,83.7438430786133,85.2216720581055,85.7142868041992,85.2216720581055,85.9903411865234,86.4734268188477,86.9565200805664,85.9903411865234
Voice and Accountability: Percentile Rank,VA.PER.RNK,Moldova,MDA,52,51.7412948608398,46.2686576843262,32.3383102416992,32.8358192443848,29.8076915740967,30.769229888916,37.019229888916,37.019229888916,36.538459777832,37.4407577514648,46.9194297790527,51.1737098693848,47.417839050293,46.0093879699707,49.2610855102539,48.7684745788574,47.290641784668,45.8128089904785,40.0966186523438,42.0289840698242,44.4444427490234,48.3091773986816
Voice and Accountability: Percentile Rank,VA.PER.RNK,Monaco,MCO,82.5,83.0845794677734,84.5771179199219,82.0895538330078,75.1243743896484,78.3653869628906,76.4423065185547,75.961540222168,74.5192337036133,79.8076934814453,75.3554534912109,79.620849609375,72.3004684448242,72.3004684448242,73.2394332885742,77.3399047851563,79.8029556274414,73.3990173339844,74.3842391967773,69.5652160644531,68.1159439086914,69.0821228027344,68.5990371704102
Voice and Accountability: Percentile Rank,VA.PER.RNK,Mongolia,MNG,63,65.1741256713867,59.7014923095703,59.2039794921875,59.2039794921875,57.211540222168,54.3269233703613,54.8076934814453,57.211540222168,56.25,53.0805702209473,51.6587677001953,51.6431922912598,52.1126747131348,53.521125793457,56.6502456665039,56.1576347351074,56.6502456665039,56.1576347351074,56.038646697998,57.487922668457,58.4541053771973,57.487922668457
Voice and Accountability: Percentile Rank,VA.PER.RNK,Montenegro,MNE,..,32.8358192443848,32.3383102416992,49.2537307739258,51.7412948608398,53.3653831481934,55.769229888916,55.288459777832,55.288459777832,55.769229888916,55.9241714477539,55.4502372741699,55.3990592956543,56.8075103759766,56.3380279541016,53.2019691467285,50.7389144897461,49.2610855102539,50.7389144897461,49.2753639221191,47.3429946899414,48.3091773986816,53.1400947570801
Voice and Accountability: Percentile Rank,VA.PER.RNK,Morocco,MAR,36.5,42.7860679626465,34.3283576965332,34.825870513916,26.8656711578369,33.6538467407227,26.4423084259033,28.8461532592773,27.884614944458,25.9615383148193,27.962085723877,28.9099521636963,27.6995296478271,29.1079807281494,27.2300472259521,27.5862064361572,28.5714282989502,29.5566501617432,28.5714282989502,28.9855079650879,29.468599319458,31.4009666442871,31.8840579986572
Voice and Accountability: Percentile Rank,VA.PER.RNK,Mozambique,MOZ,40.5,45.2736320495605,45.2736320495605,42.7860679626465,46.2686576843262,47.5961532592773,51.9230766296387,44.711540222168,45.6730766296387,45.1923065185547,44.5497627258301,43.6018943786621,41.3145523071289,42.7230033874512,39.4366188049316,39.4088668823242,37.9310340881348,34.4827575683594,33.9901466369629,32.3671493530273,30.917875289917,30.917875289917,31.4009666442871
Voice and Accountability: Percentile Rank,VA.PER.RNK,Myanmar,MMR,2,1.49253726005554,0.497512429952621,0.995024859905243,0.497512429952621,0,0.480769217014313,0.480769217014313,0.480769217014313,0.480769217014313,0.947867274284363,1.42180097103119,3.28638505935669,5.16431903839111,7.98122072219849,9.85221672058105,14.2857141494751,24.1379318237305,23.645320892334,23.1884059906006,23.1884059906006,22.2222213745117,4.8309178352356
Voice and Accountability: Percentile Rank,VA.PER.RNK,Namibia,NAM,64.5,58.2089538574219,58.7064666748047,55.7213935852051,54.2288551330566,57.6923065185547,59.6153831481934,60.0961532592773,59.1346168518066,59.6153831481934,58.2938385009766,57.8199043273926,57.7464790344238,60.0938949584961,59.6244125366211,66.0098495483398,67.4876861572266,66.9950714111328,65.5172424316406,61.835750579834,63.7681159973145,63.7681159973145,63.2850227355957
Voice and Accountability: Percentile Rank,VA.PER.RNK,Nauru,NRU,76,77.1144256591797,75.1243743896484,73.6318435668945,84.5771179199219,83.1730804443359,82.211540222168,83.6538467407227,82.211540222168,84.1346130371094,84.3601913452148,82.4644546508789,84.0375595092773,84.0375595092773,82.1596221923828,71.9211807250977,65.0246276855469,64.0394058227539,63.5467987060547,59.9033813476563,61.835750579834,59.9033813476563,59.4202880859375
Voice and Accountability: Percentile Rank,VA.PER.RNK,Nepal,NPL,49.5,44.2786064147949,42.7860679626465,24.8756217956543,22.3880596160889,17.3076915740967,14.4230766296387,23.0769233703613,30.769229888916,32.211540222168,33.6492881774902,33.6492881774902,32.3943672180176,28.1690139770508,30.5164318084717,33.0049247741699,32.019702911377,37.9310340881348,39.4088668823242,39.613525390625,39.613525390625,42.0289840698242,42.9951705932617
Voice and Accountability: Percentile Rank,VA.PER.RNK,Netherlands,NLD,97,99.5024871826172,98.0099487304688,96.0198974609375,96.0198974609375,98.0769195556641,99.038459777832,98.5576934814453,99.038459777832,97.5961532592773,96.2085342407227,96.2085342407227,96.7136154174805,97.1830978393555,96.7136154174805,98.0295562744141,99.014778137207,98.5221710205078,96.5517272949219,95.6521759033203,96.6183547973633,98.0676345825195,96.6183547973633
Voice and Accountability: Percentile Rank,VA.PER.RNK,Netherlands Antilles,ANT,..,..,..,..,..,64.4230804443359,70.6730804443359,65.3846130371094,62.5,62.980770111084,56.8720397949219,57.3459701538086,57.2769966125488,59.6244125366211,58.6854476928711,..,..,..,..,..,..,..,..
Voice and Accountability: Percentile Rank,VA.PER.RNK,New Zealand,NZL,100,99.0049743652344,100,98.0099487304688,100,96.1538467407227,98.0769195556641,97.5961532592773,97.5961532592773,97.1153869628906,97.1563949584961,97.1563949584961,98.1220626831055,97.6525802612305,97.6525802612305,96.5517272949219,98.0295562744141,98.0295562744141,98.5221710205078,99.5169067382813,98.0676345825195,99.0338134765625,99.0338134765625
Voice and Accountability: Percentile Rank,VA.PER.RNK,Nicaragua,NIC,52.5,52.7363166809082,47.7611923217773,46.766170501709,53.233829498291,48.0769233703613,40.8653831481934,40.3846168518066,39.4230766296387,34.6153831481934,34.1232223510742,33.1753540039063,29.577465057373,30.5164318084717,33.8028182983398,34.4827575683594,32.5123138427734,28.0788173675537,27.0935955047607,18.3574886322021,18.3574886322021,18.3574886322021,14.4927539825439
Voice and Accountability: Percentile Rank,VA.PER.RNK,Niger,NER,8.5,11.4427862167358,48.2587051391602,43.2835807800293,43.2835807800293,42.3076934814453,39.9038467407227,36.0576934814453,35.0961532592773,33.6538467407227,28.4360198974609,29.3838863372803,38.9671363830566,39.4366188049316,38.0281677246094,40.8866996765137,39.9014778137207,33.0049247741699,33.4975357055664,30.4347820281982,29.9516906738281,33.8164253234863,34.7826080322266
Voice and Accountability: Percentile Rank,VA.PER.RNK,Nigeria,NGA,7,15.9203977584839,32.8358192443848,29.8507461547852,29.3532333374023,24.519229888916,23.5576915740967,29.8076915740967,25.480770111084,27.4038467407227,25.1184825897217,27.962085723877,27.2300472259521,27.2300472259521,27.6995296478271,29.5566501617432,34.9753684997559,34.9753684997559,35.4679794311523,32.8502426147461,34.2995185852051,32.3671493530273,30.4347820281982
Voice and Accountability: Percentile Rank,VA.PER.RNK,Niue,NIU,..,..,..,..,..,..,..,..,..,..,35.0710906982422,35.5450248718262,33.3333320617676,32.8638496398926,32.3943672180176,..,..,..,..,96.6183547973633,94.6859893798828,87.9227066040039,79.7101440429688
Voice and Accountability: Percentile Rank,VA.PER.RNK,North Macedonia,MKD,37.5,45.7711448669434,38.8059692382813,43.7810935974121,46.766170501709,44.711540222168,46.1538467407227,52.4038467407227,55.769229888916,54.3269233703613,54.9763031005859,53.0805702209473,47.417839050293,48.8262901306152,46.948356628418,43.8423652648926,40.8866996765137,38.9162559509277,41.8719215393066,43.961353302002,44.9275360107422,50.2415466308594,52.1739120483398
Voice and Accountability: Percentile Rank,VA.PER.RNK,Norway,NOR,97.5,96.0198974609375,95.5223846435547,97.0149230957031,96.5174102783203,98.5576934814453,98.5576934814453,99.038459777832,100,100,99.052131652832,100,100,100,100,100,100,100,100,100,100,100,100
Voice and Accountability: Percentile Rank,VA.PER.RNK,Oman,OMN,26,22.3880596160889,26.8656711578369,26.3681583404541,25.3731346130371,28.8461532592773,22.115385055542,16.8269233703613,17.7884616851807,17.7884616851807,16.1137447357178,18.0094795227051,18.7793426513672,16.9014091491699,17.3708915710449,19.2118225097656,20.6896553039551,19.7044334411621,19.2118225097656,19.3236713409424,16.9082126617432,16.9082126617432,16.425121307373
Voice and Accountability: Percentile Rank,VA.PER.RNK,Pakistan,PAK,31.5,33.3333320617676,12.93532371521,15.9203977584839,14.9253730773926,16.8269233703613,20.6730766296387,24.519229888916,21.1538467407227,25.480770111084,24.1706161499023,27.488151550293,25.8215961456299,24.8826293945313,25.3521118164063,27.0935955047607,27.0935955047607,27.5862064361572,28.0788173675537,25.1207733154297,22.7053146362305,23.6714973449707,25.1207733154297
Voice and Accountability: Percentile Rank,VA.PER.RNK,Palau,PLW,82.5,83.0845794677734,84.5771179199219,82.0895538330078,89.0547256469727,87.9807662963867,87.9807662963867,89.4230804443359,89.4230804443359,89.9038467407227,89.5734634399414,89.0995254516602,89.6713638305664,89.2018814086914,89.2018814086914,88.6699523925781,88.6699523925781,89.6551742553711,89.1625595092773,85.9903411865234,82.125602722168,83.0917892456055,83.0917892456055
Voice and Accountability: Percentile Rank,VA.PER.RNK,Panama,PAN,55,63.6815910339355,66.1691513061523,67.164176940918,63.6815910339355,64.9038467407227,62.980770111084,66.3461532592773,66.8269195556641,66.8269195556641,67.2985763549805,64.9289093017578,64.7887344360352,62.4413146972656,61.0328636169434,63.5467987060547,66.0098495483398,64.5320205688477,64.0394058227539,66.1835784912109,66.1835784912109,64.2512054443359,62.3188400268555
Voice and Accountability: Percentile Rank,VA.PER.RNK,Papua New Guinea,PNG,53.5,51.243782043457,50.2487564086914,44.7761192321777,41.7910461425781,36.0576934814453,38.9423065185547,46.6346168518066,50,48.5576934814453,47.3933639526367,48.8151664733887,47.8873252868652,46.478874206543,47.8873252868652,49.7536964416504,49.2610855102539,50.7389144897461,51.7241363525391,49.7584533691406,50.2415466308594,46.8599052429199,47.8260879516602
Voice and Accountability: Percentile Rank,VA.PER.RNK,Paraguay,PRY,46,42.2885589599609,31.8407955169678,35.8208961486816,37.8109436035156,34.1346168518066,35.5769233703613,37.5,42.788459777832,44.711540222168,43.6018943786621,45.971565246582,46.0093879699707,44.6009407043457,44.6009407043457,45.320198059082,44.8275871276855,44.3349761962891,44.3349761962891,48.3091773986816,48.3091773986816,48.7922706604004,46.8599052429199
Voice and Accountability: Percentile Rank,VA.PER.RNK,Peru,PER,34.5,31.343282699585,36.8159217834473,54.7263679504395,51.243782043457,45.6730766296387,50,50.961540222168,51.4423065185547,52.4038467407227,51.1848335266113,52.6066360473633,53.521125793457,54.4600944519043,52.1126747131348,54.679801940918,54.679801940918,55.1724128723145,55.1724128723145,54.1062812805176,55.5555572509766,55.5555572509766,53.6231880187988
Voice and Accountability: Percentile Rank,VA.PER.RNK,Philippines,PHL,58.5,62.1890563964844,56.7164192199707,53.7313423156738,52.7363166809082,50.480770111084,50.480770111084,44.230770111084,45.1923065185547,44.230770111084,46.9194297790527,47.8672981262207,48.3568077087402,47.8873252868652,48.8262901306152,52.709358215332,51.2315254211426,51.2315254211426,48.7684745788574,47.3429946899414,45.4106292724609,41.062801361084,39.613525390625
Voice and Accountability: Percentile Rank,VA.PER.RNK,Poland,POL,80,81.0945281982422,81.0945281982422,80.5970153808594,79.1044769287109,82.211540222168,78.3653869628906,73.5576934814453,73.0769195556641,75.961540222168,80.0947875976563,80.0947875976563,80.2816925048828,82.6291046142578,79.3427200317383,82.2660064697266,81.7733993530273,74.3842391967773,72.4137954711914,70.5314025878906,69.0821228027344,66.6666641235352,63.7681159973145
Voice and Accountability: Percentile Rank,VA.PER.RNK,Portugal,PRT,94.5,94.5273666381836,92.0398025512695,91.0447769165039,93.0348281860352,92.3076934814453,91.8269195556641,90.3846130371094,90.3846130371094,89.4230804443359,86.7298583984375,83.8862533569336,84.5070419311523,81.2206573486328,82.6291046142578,82.7586212158203,84.7290649414063,86.2068939208984,88.6699523925781,87.4396133422852,88.4057998657227,89.8550720214844,89.8550720214844
Voice and Accountability: Percentile Rank,VA.PER.RNK,Puerto Rico,PRI,83,83.5820922851563,83.5820922851563,75.1243743896484,75.6218872070313,76.9230804443359,80.288459777832,87.0192337036133,86.538459777832,87.0192337036133,72.511848449707,72.9857788085938,69.0140838623047,68.5446014404297,67.6056365966797,71.4285736083984,59.1133003234863,60.5911331176758,63.0541877746582,62.8019332885742,61.3526573181152,61.835750579834,61.835750579834
Voice and Accountability: Percentile Rank,VA.PER.RNK,Qatar,QAT,26.5,26.8656711578369,29.3532333374023,27.3631839752197,27.8606967926025,35.5769233703613,32.6923065185547,25,19.7115383148193,18.75,19.4312801361084,18.9573459625244,17.3708915710449,21.1267604827881,20.1877937316895,16.7487678527832,16.7487678527832,16.2561569213867,15.2709360122681,14.4927539825439,13.5265703201294,14.0096616744995,17.3913040161133
Voice and Accountability: Percentile Rank,VA.PER.RNK,Reunion,REU,..,..,..,..,..,88.461540222168,90.8653869628906,91.3461532592773,89.9038467407227,88.9423065185547,89.0995254516602,90.5213241577148,90.1408462524414,90.1408462524414,90.1408462524414,..,..,..,..,..,..,..,..
Voice and Accountability: Percentile Rank,VA.PER.RNK,Romania,ROU,59.5,60.6965179443359,63.6815910339355,60.6965179443359,57.7114410400391,60.0961532592773,61.0576934814453,62.980770111084,61.0576934814453,62.019229888916,60.1895751953125,59.2417068481445,58.6854476928711,57.7464790344238,57.7464790344238,60.5911331176758,63.5467987060547,65.5172424316406,67.4876861572266,64.7342987060547,64.2512054443359,65.2173919677734,64.2512054443359
Voice and Accountability: Percentile Rank,VA.PER.RNK,Rwanda,RWA,5.5,9.95024871826172,6.96517419815063,7.46268653869629,10.4477615356445,8.65384578704834,13.4615383148193,13.4615383148193,11.057692527771,12.0192308425903,11.8483409881592,11.8483409881592,11.7370891571045,13.6150236129761,15.023473739624,17.2413787841797,17.2413787841797,15.7635469436646,16.7487678527832,16.425121307373,18.8405799865723,18.8405799865723,22.2222213745117
Voice and Accountability: Percentile Rank,VA.PER.RNK,Samoa,WSM,70.5,67.6616897583008,71.6417922973633,70.1492538452148,70.6467666625977,70.6730804443359,67.788459777832,68.2692337036133,66.3461532592773,65.3846130371094,63.5071105957031,59.7156410217285,59.6244125366211,59.1549301147461,60.0938949584961,69.9507369995117,71.4285736083984,71.4285736083984,72.9064025878906,72.4637680053711,71.9806747436523,72.4637680053711,69.0821228027344
Voice and Accountability: Percentile Rank,VA.PER.RNK,San Marino,SMR,88.5,90.5472640991211,91.0447769165039,89.0547256469727,88.059700012207,86.0576934814453,86.0576934814453,88.461540222168,88.461540222168,88.461540222168,88.6255950927734,88.1516571044922,89.2018814086914,89.2018814086914,88.7323913574219,87.1921157836914,87.6847305297852,88.1773376464844,88.1773376464844,85.9903411865234,86.9565200805664,85.0241546630859,85.5072479248047
Voice and Accountability: Percentile Rank,VA.PER.RNK,Sao Tome and Principe,STP,61,64.1791076660156,64.1791076660156,64.6766204833984,56.2189064025879,52.8846168518066,53.8461532592773,55.769229888916,53.8461532592773,53.8461532592773,54.502368927002,53.554500579834,55.8685455322266,55.8685455322266,54.9295768737793,58.6206893920898,57.1428565979004,57.1428565979004,56.6502456665039,51.2077293395996,59.9033813476563,57.487922668457,57.9710159301758
Voice and Accountability: Percentile Rank,VA.PER.RNK,Saudi Arabia,SAU,9,5.47263669967651,5.97014904022217,3.98009943962097,5.47263669967651,10.0961542129517,6.25,3.8461537361145,5.76923084259033,4.32692289352417,3.3175356388092,3.79146909713745,2.3474178314209,2.81690144538879,2.81690144538879,2.95566511154175,3.44827580451965,4.92610836029053,5.41871929168701,5.31400966644287,5.79710149765015,5.31400966644287,6.28019332885742
Voice and Accountability: Percentile Rank,VA.PER.RNK,Senegal,SEN,54,49.2537307739258,54.7263679504395,59.7014923095703,56.7164192199707,56.25,53.3653831481934,48.5576934814453,40.8653831481934,40.8653831481934,38.8625602722168,37.4407577514648,40.3755874633789,49.2957763671875,51.6431922912598,58.1280784606934,57.6354675292969,57.6354675292969,57.1428565979004,54.5893707275391,54.1062812805176,55.0724639892578,54.5893707275391
Voice and Accountability: Percentile Rank,VA.PER.RNK,Serbia,SRB,14,19.4029846191406,30.348258972168,48.756217956543,44.2786064147949,43.269229888916,43.269229888916,54.3269233703613,56.730770111084,56.730770111084,57.3459701538086,55.9241714477539,56.3380279541016,56.3380279541016,57.2769966125488,55.6650238037109,55.1724128723145,53.694580078125,49.7536964416504,44.9275360107422,43.961353302002,40.5797119140625,41.062801361084
Voice and Accountability: Percentile Rank,VA.PER.RNK,Seychelles,SYC,54.5,54.7263679504395,52.2388076782227,52.2388076782227,50.7462692260742,59.1346168518066,56.25,50,49.038459777832,47.5961532592773,49.2891006469727,52.1327018737793,49.7652587890625,51.1737098693848,49.2957763671875,47.290641784668,49.7536964416504,50.2463035583496,53.694580078125,53.6231880187988,57.0048294067383,60.386474609375,66.1835784912109
Voice and Accountability: Percentile Rank,VA.PER.RNK,Sierra Leone,SLE,32,13.9303483963013,11.4427862167358,31.8407955169678,39.3034820556641,39.4230766296387,31.25,35.0961532592773,38.9423065185547,43.75,40.2843589782715,42.1800956726074,40.8450698852539,37.0892028808594,36.6197166442871,38.4236450195313,37.4384231567383,39.9014778137207,40.3940887451172,38.164249420166,40.0966186523438,41.5458946228027,44.9275360107422
Voice and Accountability: Percentile Rank,VA.PER.RNK,Singapore,SGP,55.5,53.233829498291,53.7313423156738,51.7412948608398,47.2636833190918,52.4038467407227,55.288459777832,34.1346168518066,35.5769233703613,35.0961532592773,40.7582931518555,40.2843589782715,45.0704231262207,51.6431922912598,50.7042236328125,45.8128089904785,41.3793106079102,40.8866996765137,41.3793106079102,41.062801361084,38.6473426818848,38.164249420166,40.5797119140625
Voice and Accountability: Percentile Rank,VA.PER.RNK,Slovak Republic,SVK,67,68.1592025756836,72.6368179321289,74.6268692016602,74.6268692016602,79.3269195556641,74.038459777832,76.4423065185547,75.4807662963867,74.038459777832,72.9857788085938,74.8815155029297,76.0563354492188,77.4647903442383,76.5258178710938,75.8620681762695,76.3546829223633,76.3546829223633,76.3546829223633,74.8792266845703,74.3961334228516,74.8792266845703,76.8115921020508
Voice and Accountability: Percentile Rank,VA.PER.RNK,Slovenia,SVN,87.5,87.5621871948242,83.0845794677734,85.0746231079102,85.572135925293,84.6153869628906,83.1730804443359,85.0961532592773,83.1730804443359,80.7692337036133,81.9905242919922,81.5165863037109,81.6901397705078,78.4037551879883,79.8122100830078,75.3694610595703,78.3251266479492,80.2955627441406,80.7881774902344,78.7439651489258,79.22705078125,78.260871887207,77.2946853637695
Voice and Accountability: Percentile Rank,VA.PER.RNK,Solomon Islands,SLB,71.5,71.1442794799805,55.7213935852051,60.1990051269531,58.7064666748047,37.5,47.1153831481934,47.1153831481934,48.5576934814453,49.519229888916,53.554500579834,49.7630348205566,49.2957763671875,48.3568077087402,48.3568077087402,56.1576347351074,58.1280784606934,62.5615768432617,62.5615768432617,64.2512054443359,62.3188400268555,63.2850227355957,61.3526573181152
Voice and Accountability: Percentile Rank,VA.PER.RNK,Somalia,SOM,1.5,1.99004971981049,3.48258709907532,7.96019887924194,3.98009943962097,1.92307686805725,3.8461537361145,4.32692289352417,3.8461537361145,3.36538457870483,2.36966824531555,2.36966824531555,1.877934217453,1.4084507226944,1.4084507226944,0.985221683979034,1.47783255577087,2.46305418014526,3.94088673591614,3.38164258003235,2.89855074882507,1.93236720561981,1.93236720561981
Voice and Accountability: Percentile Rank,VA.PER.RNK,South Africa,ZAF,73,72.6368179321289,70.6467666625977,67.6616897583008,67.6616897583008,71.6346130371094,68.75,68.75,65.8653869628906,64.9038467407227,65.8767776489258,67.2985763549805,66.6666641235352,66.1971817016602,66.1971817016602,68.9655151367188,69.9507369995117,69.4581298828125,68.9655151367188,69.0821228027344,67.6328506469727,70.0483093261719,72.4637680053711
Voice and Accountability: Percentile Rank,VA.PER.RNK,South Sudan,SSD,..,..,..,..,..,..,..,..,..,..,..,..,15.4929580688477,10.3286380767822,8.92018795013428,4.92610836029053,5.41871929168701,3.94088673591614,2.95566511154175,1.44927537441254,1.93236720561981,2.4154589176178,2.4154589176178
Voice and Accountability: Percentile Rank,VA.PER.RNK,Spain,ESP,89.5,89.5522384643555,88.5572128295898,90.0497512817383,89.5522384643555,89.4230804443359,84.1346130371094,85.5769195556641,87.0192337036133,87.5,88.1516571044922,85.3080596923828,83.0985946655273,82.1596221923828,78.4037551879883,76.8472900390625,82.7586212158203,82.2660064697266,82.2660064697266,81.6425094604492,80.6763305664063,80.6763305664063,80.1932373046875
Voice and Accountability: Percentile Rank,VA.PER.RNK,Sri Lanka,LKA,41,46.2686576843262,45.7711448669434,45.7711448669434,44.7761192321777,44.230770111084,43.75,36.538459777832,34.1346168518066,32.6923065185547,32.2274894714355,31.2796211242676,30.5164318084717,29.577465057373,28.6384983062744,28.0788173675537,36.4532012939453,43.3497543334961,43.3497543334961,45.8937187194824,42.512077331543,43.961353302002,44.4444427490234
Voice and Accountability: Percentile Rank,VA.PER.RNK,St. Kitts and Nevis,KNA,77.5,78.6069641113281,79.1044769287109,76.1194000244141,73.1343307495117,62.019229888916,87.5,87.5,87.5,83.6538467407227,85.3080596923828,87.6777267456055,85.9154891967773,86.8544616699219,86.3849792480469,84.2364501953125,73.8916244506836,79.3103485107422,79.3103485107422,76.328498840332,72.9468612670898,71.9806747436523,71.9806747436523
Voice and Accountability: Percentile Rank,VA.PER.RNK,St. Lucia,LCA,80.5,80.5970153808594,81.592041015625,82.5870666503906,84.0796051025391,68.2692337036133,88.461540222168,88.9423065185547,88.9423065185547,90.3846130371094,90.0473937988281,89.5734634399414,88.2629089355469,85.4460067749023,85.4460067749023,84.7290649414063,80.2955627441406,80.7881774902344,77.8325119018555,75.3623199462891,75.8454132080078,74.3961334228516,73.4299545288086
Voice and Accountability: Percentile Rank,VA.PER.RNK,St. Vincent and the Grenadines,VCT,79,79.1044769287109,80.0995025634766,77.6119384765625,83.0845794677734,70.1923065185547,82.6923065185547,82.6923065185547,81.25,83.1730804443359,80.568717956543,86.2559204101563,79.3427200317383,78.8732376098633,81.6901397705078,86.6995086669922,76.8472900390625,75.8620681762695,76.8472900390625,75.8454132080078,75.3623199462891,75.8454132080078,74.3961334228516
Voice and Accountability: Percentile Rank,VA.PER.RNK,Sudan,SDN,2.5,2.48756217956543,2.48756217956543,6.96517419815063,4.97512435913086,4.32692289352417,4.32692289352417,6.25,6.73076915740967,6.25,6.16113758087158,4.26540279388428,4.22535228729248,3.75586843490601,3.75586843490601,3.94088673591614,3.94088673591614,3.44827580451965,2.46305418014526,2.89855074882507,5.31400966644287,9.66183567047119,9.66183567047119
Voice and Accountability: Percentile Rank,VA.PER.RNK,Suriname,SUR,48.5,55.7213935852051,61.6915435791016,63.1840782165527,59.7014923095703,53.8461532592773,54.8076934814453,62.019229888916,65.3846130371094,67.3076934814453,59.2417068481445,58.7677726745605,59.1549301147461,58.6854476928711,59.1549301147461,64.5320205688477,59.6059112548828,61.0837440490723,60.5911331176758,57.0048294067383,59.4202880859375,59.4202880859375,58.4541053771973
Voice and Accountability: Percentile Rank,VA.PER.RNK,Sweden,SWE,95.5,98.0099487304688,98.5074615478516,98.5074615478516,98.0099487304688,99.038459777832,96.6346130371094,96.6346130371094,98.5576934814453,98.5576934814453,98.5782012939453,98.1042633056641,99.530517578125,99.530517578125,99.06103515625,99.5073928833008,99.5073928833008,99.5073928833008,99.5073928833008,98.0676345825195,99.0338134765625,97.101448059082,97.101448059082
Voice and Accountability: Percentile Rank,VA.PER.RNK,Switzerland,CHE,92,93.532341003418,93.532341003418,95.0248718261719,95.0248718261719,97.5961532592773,97.1153869628906,98.0769195556641,98.0769195556641,98.0769195556641,99.5260696411133,99.052131652832,98.591552734375,98.1220626831055,98.1220626831055,99.014778137207,98.5221710205078,97.5369491577148,98.0295562744141,99.0338134765625,97.5845413208008,98.5507278442383,98.0676345825195
Voice and Accountability: Percentile Rank,VA.PER.RNK,Syrian Arab Republic,SYR,11,6.96517419815063,5.47263669967651,5.47263669967651,5.97014904022217,7.21153831481934,7.21153831481934,4.807692527771,4.32692289352417,4.807692527771,5.68720388412476,4.7393364906311,3.75586843490601,3.28638505935669,3.28638505935669,3.44827580451965,2.95566511154175,1.47783255577087,1.97044336795807,1.93236720561981,1.44927537441254,1.44927537441254,0.966183602809906
Voice and Accountability: Percentile Rank,VA.PER.RNK,"Taiwan, China",TWN,68,70.6467666625977,73.1343307495117,74.1293563842773,73.6318435668945,78.8461532592773,76.9230804443359,70.1923065185547,69.2307662963867,68.75,71.5639801025391,72.511848449707,74.1784057617188,73.7089233398438,73.7089233398438,72.9064025878906,74.8768463134766,79.8029556274414,81.7733993530273,77.7777786254883,78.7439651489258,84.0579681396484,86.4734268188477
Voice and Accountability: Percentile Rank,VA.PER.RNK,Tajikistan,TJK,4,7.46268653869629,10.4477615356445,15.4228858947754,15.9203977584839,14.4230766296387,11.057692527771,9.13461494445801,10.5769233703613,10.0961542129517,10.4265403747559,8.53080558776855,9.85915470123291,8.45070457458496,6.1032862663269,6.89655160903931,5.9113302230835,5.9113302230835,4.92610836029053,4.8309178352356,3.86473441123962,3.86473441123962,3.38164258003235
Voice and Accountability: Percentile Rank,VA.PER.RNK,Tanzania,TZA,30,34.3283576965332,33.3333320617676,38.3084564208984,37.3134346008301,32.6923065185547,37.019229888916,39.9038467407227,44.230770111084,42.3076934814453,42.1800956726074,43.1279602050781,43.6619720458984,43.1924896240234,42.2535209655762,41.3793106079102,38.9162559509277,39.4088668823242,37.9310340881348,33.3333320617676,31.4009666442871,28.9855079650879,29.468599319458
Voice and Accountability: Percentile Rank,VA.PER.RNK,Thailand,THA,60.5,60.1990051269531,63.1840782165527,57.7114410400391,55.7213935852051,54.8076934814453,46.6346168518066,26.9230766296387,31.730770111084,30.769229888916,33.1753540039063,32.7014236450195,33.8028182983398,36.6197166442871,34.2723007202148,23.1527099609375,22.1674880981445,21.674877166748,21.1822662353516,19.8067626953125,23.6714973449707,25.6038646697998,27.0531406402588
Voice and Accountability: Percentile Rank,VA.PER.RNK,Timor-Leste,TLS,3,3.98009943962097,47.2636833190918,56.7164192199707,53.7313423156738,46.1538467407227,42.3076934814453,48.0769233703613,53.3653831481934,55.288459777832,52.6066360473633,49.2891006469727,53.9906120300293,53.521125793457,52.582160949707,50.7389144897461,54.1871910095215,54.1871910095215,57.6354675292969,57.487922668457,58.937198638916,57.9710159301758,60.386474609375
Voice and Accountability: Percentile Rank,VA.PER.RNK,Togo,TGO,17.5,14.4278602600098,13.4328355789185,10.4477615356445,13.4328355789185,13.4615383148193,12.9807691574097,14.9038457870483,17.3076915740967,19.7115383148193,20.3791465759277,20.3791465759277,23.0046939849854,18.7793426513672,23.474178314209,26.1083736419678,27.5862064361572,31.5270938873291,29.0640392303467,26.0869560241699,27.0531406402588,27.5362319946289,26.57004737854
Voice and Accountability: Percentile Rank,VA.PER.RNK,Tonga,TON,57,56.7164192199707,55.2238807678223,47.7611923217773,49.2537307739258,42.788459777832,49.038459777832,46.1538467407227,41.3461532592773,46.6346168518066,46.445499420166,56.3981056213379,56.8075103759766,58.2159614562988,62.9107971191406,69.4581298828125,70.9359588623047,68.9655151367188,67.9802932739258,70.0483093261719,67.1497573852539,67.6328506469727,69.5652160644531
Voice and Accountability: Percentile Rank,VA.PER.RNK,Trinidad and Tobago,TTO,68.5,72.1393051147461,65.6716384887695,65.6716384887695,66.1691513061523,67.3076934814453,66.8269195556641,66.8269195556641,64.9038467407227,63.461540222168,63.9810409545898,63.9810409545898,63.8497657775879,63.8497657775879,63.3802833557129,62.5615768432617,63.0541877746582,66.0098495483398,66.0098495483398,65.7004852294922,65.7004852294922,68.1159439086914,67.1497573852539
Voice and Accountability: Percentile Rank,VA.PER.RNK,Tunisia,TUN,31,24.3781089782715,23.3830852508545,20.8955230712891,21.8905467987061,22.5961532592773,21.634614944458,9.61538505554199,9.13461494445801,10.5769233703613,9.95260620117188,9.00473976135254,35.6807518005371,43.6619720458984,45.0704231262207,55.1724128723145,55.6650238037109,56.1576347351074,53.2019691467285,53.1400947570801,55.0724639892578,56.5217399597168,54.1062812805176
Voice and Accountability: Percentile Rank,VA.PER.RNK,Turkiye,TUR,45.5,31.8407955169678,40.2985076904297,42.2885589599609,45.7711448669434,49.519229888916,50.961540222168,45.6730766296387,46.1538467407227,46.1538467407227,45.497631072998,44.5497627258301,44.1314544677734,41.7840385437012,40.8450698852539,36.4532012939453,35.4679794311523,30.0492610931396,27.5862064361572,24.6376819610596,24.1545886993408,24.1545886993408,23.6714973449707
Voice and Accountability: Percentile Rank,VA.PER.RNK,Turkmenistan,TKM,6.5,4.97512435913086,3.98009943962097,1.49253726005554,0.995024859905243,0.961538434028625,1.44230771064758,0.961538434028625,0.961538434028625,1.44230771064758,1.89573454856873,1.89573454856873,0.938967108726501,0,0.469483554363251,0,0,0.492610841989517,0.985221683979034,0.966183602809906,0.966183602809906,0.966183602809906,1.44927537441254
Voice and Accountability: Percentile Rank,VA.PER.RNK,Tuvalu,TUV,88.5,90.5472640991211,91.0447769165039,87.0646743774414,81.0945281982422,62.980770111084,65.3846130371094,73.0769195556641,71.1538467407227,71.6346130371094,69.1943130493164,69.1943130493164,68.5446014404297,68.0751190185547,69.4835662841797,79.8029556274414,83.2512283325195,83.2512283325195,83.7438430786133,85.9903411865234,87.9227066040039,88.8888854980469,88.8888854980469
Voice and Accountability: Percentile Rank,VA.PER.RNK,Uganda,UGA,21,23.8805961608887,19.4029846191406,21.8905467987061,27.3631839752197,25.9615383148193,29.3269233703613,32.6923065185547,33.1730766296387,31.25,30.8056869506836,30.8056869506836,30.9859161376953,31.9248828887939,29.577465057373,30.0492610931396,29.0640392303467,28.5714282989502,31.0344829559326,28.5024147033691,28.9855079650879,29.468599319458,25.6038646697998
Voice and Accountability: Percentile Rank,VA.PER.RNK,Ukraine,UKR,39.5,43.2835807800293,30.8457717895508,33.3333320617676,30.8457717895508,28.365385055542,39.4230766296387,47.5961532592773,49.519229888916,50.480770111084,50.2369651794434,45.0236968994141,44.6009407043457,40.3755874633789,37.5586853027344,43.3497543334961,43.8423652648926,47.7832527160645,47.290641784668,43.4782600402832,46.8599052429199,51.6908226013184,49.2753639221191
Voice and Accountability: Percentile Rank,VA.PER.RNK,United Arab Emirates,ARE,37,33.8308448791504,31.343282699585,30.348258972168,22.8855724334717,26.4423084259033,25.9615383148193,20.6730766296387,23.0769233703613,22.115385055542,25.5924167633057,23.222749710083,23.474178314209,18.3098583221436,19.2488269805908,20.1970443725586,19.2118225097656,20.1970443725586,18.2266006469727,17.8743953704834,17.3913040161133,16.425121307373,16.9082126617432
Voice and Accountability: Percentile Rank,VA.PER.RNK,United Kingdom,GBR,87,87.0646743774414,91.5422897338867,90.5472640991211,90.5472640991211,95.1923065185547,92.3076934814453,94.2307662963867,92.788459777832,92.3076934814453,91.9431304931641,91.9431304931641,92.0187759399414,92.4882659912109,92.4882659912109,90.1477813720703,92.1182250976563,93.1034469604492,93.596061706543,92.7536239624023,89.8550720214844,89.3719787597656,92.7536239624023
Voice and Accountability: Percentile Rank,VA.PER.RNK,United States,USA,91,91.0447769165039,89.0547256469727,92.0398025512695,91.0447769165039,89.9038467407227,89.9038467407227,86.538459777832,85.5769195556641,86.538459777832,84.8341217041016,85.7819900512695,86.3849792480469,87.7934265136719,84.0375595092773,81.7733993530273,84.2364501953125,84.2364501953125,81.2807846069336,79.7101440429688,76.328498840332,72.9468612670898,74.8792266845703
Voice and Accountability: Percentile Rank,VA.PER.RNK,Uruguay,URY,72.5,75.6218872070313,77.6119384765625,79.1044769287109,78.1094512939453,75.961540222168,73.5576934814453,81.25,81.7307662963867,82.6923065185547,85.7819900512695,87.2037887573242,85.4460067749023,81.6901397705078,83.5680770874023,83.2512283325195,85.7142868041992,86.6995086669922,86.6995086669922,88.4057998657227,88.8888854980469,93.7198104858398,92.2705307006836
Voice and Accountability: Percentile Rank,VA.PER.RNK,Uzbekistan,UZB,5,2.98507452011108,1.99004971981049,2.98507452011108,2.98507452011108,3.36538457870483,1.92307686805725,1.92307686805725,1.44230771064758,1.92307686805725,1.42180097103119,0.947867274284363,1.4084507226944,1.877934217453,2.3474178314209,2.46305418014526,2.46305418014526,2.95566511154175,3.44827580451965,6.28019332885742,6.28019332885742,6.28019332885742,12.5603866577148
Voice and Accountability: Percentile Rank,VA.PER.RNK,Vanuatu,VUT,66.5,67.164176940918,67.164176940918,72.1393051147461,70.1492538452148,58.1730766296387,56.730770111084,59.6153831481934,58.1730766296387,61.0576934814453,62.0853080749512,62.5592422485352,60.5633811950684,60.5633811950684,61.9718322753906,67.9802932739258,67.9802932739258,69.9507369995117,70.4433517456055,68.1159439086914,69.5652160644531,66.1835784912109,68.1159439086914
Voice and Accountability: Percentile Rank,VA.PER.RNK,"Venezuela, RB",VEN,48,54.2288551330566,49.7512435913086,35.3233833312988,35.8208961486816,29.3269233703613,27.884614944458,30.2884616851807,26.4423084259033,26.4423084259033,24.6445503234863,24.1706161499023,20.6572761535645,22.0657272338867,22.0657272338867,19.7044334411621,19.7044334411621,17.2413787841797,14.2857141494751,10.1449279785156,9.66183567047119,7.24637699127197,5.79710149765015
Voice and Accountability: Percentile Rank,VA.PER.RNK,Vietnam,VNM,16,10.4477615356445,12.4378108978271,8.95522403717041,8.4577112197876,9.13461494445801,8.65384578704834,7.692307472229,8.17307662963867,8.17307662963867,8.05687236785889,7.5829381942749,8.45070457458496,8.92018795013428,10.7981224060059,9.35960578918457,10.3448276519775,10.3448276519775,10.3448276519775,8.21256065368652,11.5942029953003,11.5942029953003,13.043478012085
Voice and Accountability: Percentile Rank,VA.PER.RNK,Virgin Islands (U.S.),VIR,..,..,..,..,..,74.038459777832,85.5769195556641,72.1153869628906,70.6730804443359,70.1923065185547,69.6682434082031,70.6161117553711,70.8920211791992,73.2394332885742,72.3004684448242,..,..,..,..,..,..,..,..
Voice and Accountability: Percentile Rank,VA.PER.RNK,West Bank and Gaza,PSE,24.5,28.8557205200195,25.8706474304199,24.3781089782715,24.3781089782715,26.9230766296387,26.9230766296387,33.1730766296387,28.365385055542,24.0384616851807,21.3270149230957,26.0663509368896,19.7183094024658,20.6572761535645,22.5352115631104,22.660099029541,21.674877166748,18.7192115783691,21.674877166748,22.2222213745117,20.7729473114014,17.3913040161133,19.3236713409424
Voice and Accountability: Percentile Rank,VA.PER.RNK,"Yemen, Rep.",YEM,27.5,26.3681583404541,24.3781089782715,14.9253730773926,23.8805961608887,20.1923084259033,17.3076915740967,16.3461532592773,16.3461532592773,12.9807691574097,12.7962083816528,11.3744077682495,9.38967132568359,9.38967132568359,11.7370891571045,11.822660446167,7.38916254043579,5.41871929168701,5.9113302230835,3.86473441123962,4.34782600402832,4.34782600402832,3.86473441123962
Voice and Accountability: Percentile Rank,VA.PER.RNK,Zambia,ZMB,38,34.825870513916,35.8208961486816,41.2935333251953,38.8059692382813,34.6153831481934,34.6153831481934,39.4230766296387,39.9038467407227,43.269229888916,36.9668235778809,38.3886260986328,42.2535209655762,44.1314544677734,44.1314544677734,44.3349761962891,45.8128089904785,36.4532012939453,36.4532012939453,35.2657012939453,36.2318840026855,34.7826080322266,35.2657012939453
Voice and Accountability: Percentile Rank,VA.PER.RNK,Zimbabwe,ZWE,30.5,25.8706474304199,15.9203977584839,10.945273399353,9.95024871826172,6.25,5.28846168518066,7.21153831481934,7.21153831481934,7.692307472229,7.5829381942749,8.05687236785889,7.98122072219849,7.51173686981201,9.85915470123291,13.7931032180786,15.7635469436646,14.7783250808716,14.7783250808716,16.9082126617432,16.425121307373,17.8743953704834,18.3574886322021
,,,,,,,,,,,,,,,,,,,,,,,,,,
,,,,,,,,,,,,,,,,,,,,,,,,,,
,,,,,,,,,,,,,,,,,,,,,,,,,,
Data from database: Worldwide Governance Indicators,,,,,,,,,,,,,,,,,,,,,,,,,,
Last Updated: 09/23/2022,,,,,,,,,,,,,,,,,,,,,,,,,,
Code,Indicator Name,Long definition,Source,Periodicity
VA.PER.RNK,Voice and Accountability: Percentile Rank,"Voice and Accountability captures perceptions of the extent to which a country's citizens are able to participate in selecting their government, as well as freedom of expression, freedom of association, and a free media. Percentile rank indicates the country's rank among all countries covered by the aggregate indicator, with 0 corresponding to lowest rank, and 100 to highest rank.  Percentile ranks have been adjusted to correct for changes over time in the composition of the countries covered by the WGI.","Detailed documentation of the WGI, interactive tools for exploring the data, and full access to the underlying source data available at www.govindicators.org.The WGI are produced by Daniel Kaufmann (Natural Resource Governance Institute and Brookings Institution) and Aart Kraay (World Bank Development Research Group).  Please cite Kaufmann, Daniel, Aart Kraay and Massimo Mastruzzi (2010).  "The Worldwide Governance Indicators:  Methodology and Analytical Issues".  World Bank Policy Research Working Paper No. 5430 (http://papers.ssrn.com/sol3/papers.cfm?abstract_id=1682130).  The WGI do not reflect the official views of the Natural Resource Governance Institute, the Brookings Institution, the World Bank, its Executive Directors, or the countries they represent.",Annual
