Series Name,Series Code,Country Name,Country Code,1960 [YR1960],1961 [YR1961],1962 [YR1962],1963 [YR1963],1964 [YR1964],1965 [YR1965],1966 [YR1966],1967 [YR1967],1968 [YR1968],1969 [YR1969],1970 [YR1970],1971 [YR1971],1972 [YR1972],1973 [YR1973],1974 [YR1974],1975 [YR1975],1976 [YR1976],1977 [YR1977],1978 [YR1978],1979 [YR1979],1980 [YR1980],1981 [YR1981],1982 [YR1982],1983 [YR1983],1984 [YR1984],1985 [YR1985],1986 [YR1986],1987 [YR1987],1988 [YR1988],1989 [YR1989],1990 [YR1990],1991 [YR1991],1992 [YR1992],1993 [YR1993],1994 [YR1994],1995 [YR1995],1996 [YR1996],1997 [YR1997],1998 [YR1998],1999 [YR1999],2000 [YR2000],2001 [YR2001],2002 [YR2002],2003 [YR2003],2004 [YR2004],2005 [YR2005],2006 [YR2006],2007 [YR2007],2008 [YR2008],2009 [YR2009],2010 [YR2010],2011 [YR2011],2012 [YR2012],2013 [YR2013],2014 [YR2014],2015 [YR2015],2016 [YR2016],2017 [YR2017],2018 [YR2018],2019 [YR2019],2020 [YR2020],2021 [YR2021],2022 [YR2022]
Land Surface Temperature,EN.LND.LTMP.DC,Russian Federation,RUS,..,..,..,..,..,..,..,..,..,..,..,..,..,..,..,..,..,..,..,..,..,..,..,..,..,..,..,..,..,..,..,..,..,..,..,..,..,..,..,..,-0.7518729,-5.7515931,-4.2484397,-3.2518585,-5.2541031,-3.2520199,-5.7550342,-2.7523395,-3.7482882,-5.2558822,-5.2577507,-2.7532717,-3.7516861,-4.258061,-3.753492,-2.7531411,-2.3747347,-3.2545706,-3.7549375,-3.2548853,-1.247285,-4.2552286,..
Land Surface Temperature,EN.LND.LTMP.DC,Afghanistan,AFG,..,..,..,..,..,..,..,..,..,..,..,..,..,..,..,..,..,..,..,..,..,..,..,..,..,..,..,..,..,..,..,..,..,..,..,..,..,..,..,..,34.7497657,30.6246308,29.8767379,28.8740819,30.7532759,28.3771979,29.3761199,29.1251996,28.8752113,27.8752551,29.6243831,29.1250018,27.3746873,29.1247789,28.6281367,28.8758897,30.6263973,29.8744306,30.1259055,27.8726262,28.1259446,30.8741594,..
Land Surface Temperature,EN.LND.LTMP.DC,Albania,ALB,..,..,..,..,..,..,..,..,..,..,..,..,..,..,..,..,..,..,..,..,..,..,..,..,..,..,..,..,..,..,..,..,..,..,..,..,..,..,..,..,23.1870678,19.8120771,18.9364343,20.3127449,18.314357,18.3108027,18.5639489,20.3126512,19.8131123,19.0637959,19.0624193,19.5603627,19.8123073,19.8120257,19.3167489,19.9392779,19.0618451,20.3114606,19.6873912,19.9359187,20.3149516,19.4389756,..
Land Surface Temperature,EN.LND.LTMP.DC,Algeria,DZA,..,..,..,..,..,..,..,..,..,..,..,..,..,..,..,..,..,..,..,..,..,..,..,..,..,..,..,..,..,..,..,..,..,..,..,..,..,..,..,..,41.0627445,38.626846,37.6878209,37.626578,37.8763043,37.4382683,37.687792,38.376663,37.6269319,38.1261782,38.8769805,37.8767998,38.0630928,38.6280513,38.1877112,37.6879212,38.4380335,37.6875988,37.874857,38.3769659,38.625905,38.6265931,..
Land Surface Temperature,EN.LND.LTMP.DC,Andorra,AND,..,..,..,..,..,..,..,..,..,..,..,..,..,..,..,..,..,..,..,..,..,..,..,..,..,..,..,..,..,..,..,..,..,..,..,..,..,..,..,..,11.8359275,9.74087181,10.2251133,9.65135139,9.22203221,9.85611111,11.5381872,11.713702,10.2152827,9.97525509,8.53112755,11.72457,10.7851562,8.82637681,9.53013984,10.9608562,11.3370428,11.0918618,9.2744517,11.4595388,11.4030152,10.2783194,..
Land Surface Temperature,EN.LND.LTMP.DC,Angola,AGO,..,..,..,..,..,..,..,..,..,..,..,..,..,..,..,..,..,..,..,..,..,..,..,..,..,..,..,..,..,..,..,..,..,..,..,..,..,..,..,..,30.6869662,30.0623641,29.5620958,29.5619454,29.3116781,29.8115464,29.3116258,29.3122852,29.5626769,29.4367573,29.8113382,29.3119114,29.9370658,30.1872676,29.6872372,29.9367326,30.0622152,30.312361,30.0623632,30.3114805,30.0622529,30.3124645,..
Land Surface Temperature,EN.LND.LTMP.DC,Antigua and Barbuda,ATG,..,..,..,..,..,..,..,..,..,..,..,..,..,..,..,..,..,..,..,..,..,..,..,..,..,..,..,..,..,..,..,..,..,..,..,..,..,..,..,..,29.7933364,30.5247951,29.3898495,29.6700005,28.0165718,27.6132139,27.8265022,28.888599,28.0394803,28.2959959,28.0371275,27.264543,28.0790269,28.2598423,28.9900888,29.7029425,28.1362715,27.8341288,28.9817223,28.6454601,28.7617667,29.2124798,..
Land Surface Temperature,EN.LND.LTMP.DC,Argentina,ARG,..,..,..,..,..,..,..,..,..,..,..,..,..,..,..,..,..,..,..,..,..,..,..,..,..,..,..,..,..,..,..,..,..,..,..,..,..,..,..,..,22.6250952,24.8765655,23.876547,24.6244864,24.1243079,24.6252267,25.2546679,24.1253293,26.126321,26.1256372,24.8754704,25.1256966,24.8755786,25.3754258,24.3759063,24.375263,23.7522927,24.375667,24.8753089,24.8761522,25.8744293,25.254513,..
Land Surface Temperature,EN.LND.LTMP.DC,Armenia,ARM,..,..,..,..,..,..,..,..,..,..,..,..,..,..,..,..,..,..,..,..,..,..,..,..,..,..,..,..,..,..,..,..,..,..,..,..,..,..,..,..,18.8763876,15.6265749,14.0645332,13.0638895,14.5655732,13.8121807,14.9411845,13.0647294,13.9342006,13.5622486,17.0622904,12.1896184,14.1877252,14.6889835,16.1271504,15.4398264,13.9414643,15.5667854,16.3094801,16.5653337,16.4365106,16.6857796,..
Land Surface Temperature,EN.LND.LTMP.DC,Australia,AUS,..,..,..,..,..,..,..,..,..,..,..,..,..,..,..,..,..,..,..,..,..,..,..,..,..,..,..,..,..,..,..,..,..,..,..,..,..,..,..,..,31.875644,34.1250149,35.1244335,34.6247231,34.1243485,35.1244632,34.1257238,34.1239677,33.8749604,34.8749807,32.3753202,32.3765892,33.8754876,35.6251092,35.1246332,35.1250956,33.8744756,34.6252429,35.3757631,36.1254728,34.8741536,33.6237594,..
Land Surface Temperature,EN.LND.LTMP.DC,Austria,AUT,..,..,..,..,..,..,..,..,..,..,..,..,..,..,..,..,..,..,..,..,..,..,..,..,..,..,..,..,..,..,..,..,..,..,..,..,..,..,..,..,15.1257125,10.4358111,12.4362141,12.4371004,10.9367197,10.8107391,11.3117815,13.063214,12.5619239,11.6862381,10.8772346,12.811868,11.6875109,12.376825,13.9394383,13.5619841,12.8141586,12.5621113,13.0631993,13.3130646,13.0636333,12.0623442,..
Land Surface Temperature,EN.LND.LTMP.DC,Azerbaijan,AZE,..,..,..,..,..,..,..,..,..,..,..,..,..,..,..,..,..,..,..,..,..,..,..,..,..,..,..,..,..,..,..,..,..,..,..,..,..,..,..,..,27.377749,24.1251355,23.1293431,23.1272124,23.374788,24.3773941,23.8763837,24.1272431,23.1279511,23.3766652,24.6253487,22.6265373,24.6242681,23.627778,25.6209564,23.8772239,23.1288564,24.3764427,24.6250787,24.8769343,25.3736404,24.6248575,..
Land Surface Temperature,EN.LND.LTMP.DC,"Bahamas, The",BHS,..,..,..,..,..,..,..,..,..,..,..,..,..,..,..,..,..,..,..,..,..,..,..,..,..,..,..,..,..,..,..,..,..,..,..,..,..,..,..,..,28.4069446,27.4074601,27.4388607,27.1568224,27.8439615,27.6558708,27.656545,27.5311795,27.718389,27.4079386,26.9383446,27.7820087,27.2806698,27.6560322,27.9676845,27.9064742,27.7810809,27.9680031,27.7169798,28.0938578,27.9692156,28.0314078,..
Land Surface Temperature,EN.LND.LTMP.DC,Bahrain,BHR,..,..,..,..,..,..,..,..,..,..,..,..,..,..,..,..,..,..,..,..,..,..,..,..,..,..,..,..,..,..,..,..,..,..,..,..,..,..,..,..,38.6497802,37.0917273,36.9620543,35.4040363,35.962029,35.3375652,35.7772671,35.4443478,35.6523188,35.0298913,36.2207971,35.1121739,35.717694,35.526087,36.1511957,36.3502899,36.7273913,36.2973043,36.5856123,36.9720652,36.5292174,37.5434058,..
Land Surface Temperature,EN.LND.LTMP.DC,Bangladesh,BGD,..,..,..,..,..,..,..,..,..,..,..,..,..,..,..,..,..,..,..,..,..,..,..,..,..,..,..,..,..,..,..,..,..,..,..,..,..,..,..,..,27.7808429,27.6563107,27.0937614,26.718918,27.0938319,27.1555777,27.8440888,27.2813552,27.093594,27.656309,27.0943933,27.2810191,26.9063556,27.4058964,27.7185914,27.2808796,27.4686204,27.1562907,26.718478,27.2810004,27.1556235,27.5937679,..
Land Surface Temperature,EN.LND.LTMP.DC,Barbados,BRB,..,..,..,..,..,..,..,..,..,..,..,..,..,..,..,..,..,..,..,..,..,..,..,..,..,..,..,..,..,..,..,..,..,..,..,..,..,..,..,..,29.4451745,29.7706043,29.5190645,29.8312269,28.8258686,29.2990045,29.4888977,29.2665384,29.2627005,28.7352941,29.7640759,28.5749443,29.1625189,29.0466046,29.5782262,29.7489474,29.7666477,28.8636003,28.9815578,30.0687701,29.6377717,29.2988771,..
Land Surface Temperature,EN.LND.LTMP.DC,Belarus,BLR,..,..,..,..,..,..,..,..,..,..,..,..,..,..,..,..,..,..,..,..,..,..,..,..,..,..,..,..,..,..,..,..,..,..,..,..,..,..,..,..,16.5309693,9.28088531,12.4690233,10.2186783,10.9059573,10.4688174,10.2184281,13.5940638,13.0316213,10.843664,10.2184299,11.2815696,10.2182509,11.1559827,12.2815622,13.7811897,13.2817977,12.2813633,12.7187274,13.531551,12.780827,10.3440671,..
Land Surface Temperature,EN.LND.LTMP.DC,Belgium,BEL,..,..,..,..,..,..,..,..,..,..,..,..,..,..,..,..,..,..,..,..,..,..,..,..,..,..,..,..,..,..,..,..,..,..,..,..,..,..,..,..,16.4689747,13.5945686,14.8446125,16.0316372,14.3444967,14.7817699,14.531109,14.9685208,14.4059106,15.4053579,14.2817291,15.5324828,14.09381,14.3436411,15.655647,15.6556349,14.9671608,15.8427792,16.9678873,16.0933769,17.2813144,14.3430128,..
Land Surface Temperature,EN.LND.LTMP.DC,Belize,BLZ,..,..,..,..,..,..,..,..,..,..,..,..,..,..,..,..,..,..,..,..,..,..,..,..,..,..,..,..,..,..,..,..,..,..,..,..,..,..,..,..,27.593153,27.0938306,27.4055438,27.5297551,26.968904,27.5933682,26.6561588,27.3430594,27.3442915,27.4043471,27.2177014,27.6555131,27.2792825,27.905253,27.4067875,27.7827025,27.6565744,27.6564063,27.4699784,28.3439218,28.1563674,28.032272,..
Land Surface Temperature,EN.LND.LTMP.DC,Benin,BEN,..,..,..,..,..,..,..,..,..,..,..,..,..,..,..,..,..,..,..,..,..,..,..,..,..,..,..,..,..,..,..,..,..,..,..,..,..,..,..,..,33.3436631,34.7175064,32.9065172,33.5315534,31.9066621,32.6560023,33.2180143,32.8436699,32.718873,32.8434526,32.6563027,33.2822744,32.2186134,33.6559552,33.2816313,33.4683127,33.4692746,33.7187067,33.4062806,34.1571408,33.6562944,34.3433005,..
Land Surface Temperature,EN.LND.LTMP.DC,Bhutan,BTN,..,..,..,..,..,..,..,..,..,..,..,..,..,..,..,..,..,..,..,..,..,..,..,..,..,..,..,..,..,..,..,..,..,..,..,..,..,..,..,..,13.8744009,13.6246228,13.1257746,12.8705944,12.3761164,13.1283171,14.3772094,13.6253835,13.123722,13.8720458,13.3729773,13.1240361,13.1213485,13.3759625,13.3756819,13.3731508,14.122413,13.871846,13.3753386,13.1250788,13.1257408,13.3811034,..
Land Surface Temperature,EN.LND.LTMP.DC,Bolivia,BOL,..,..,..,..,..,..,..,..,..,..,..,..,..,..,..,..,..,..,..,..,..,..,..,..,..,..,..,..,..,..,..,..,..,..,..,..,..,..,..,..,27.371693,27.623676,27.8700379,27.3719266,27.6208222,27.6210756,27.3732633,27.3711521,27.8719214,27.6202322,28.3718499,27.8718855,27.8736482,27.6196402,27.6236086,28.3711145,28.3717708,28.1223963,27.3769648,28.1191769,28.6193836,27.8683892,..
Land Surface Temperature,EN.LND.LTMP.DC,Bosnia and Herzegovina,BIH,..,..,..,..,..,..,..,..,..,..,..,..,..,..,..,..,..,..,..,..,..,..,..,..,..,..,..,..,..,..,..,..,..,..,..,..,..,..,..,..,20.4360926,15.1860898,16.0633143,16.4373656,15.0622077,13.5625718,15.3122088,16.9370792,16.6863838,16.0618316,14.9373262,16.189868,16.8130842,16.0632827,16.9381492,16.9394841,15.8135534,16.6888579,16.1911316,17.0645923,16.8127072,16.5631708,..
Land Surface Temperature,EN.LND.LTMP.DC,Botswana,BWA,..,..,..,..,..,..,..,..,..,..,..,..,..,..,..,..,..,..,..,..,..,..,..,..,..,..,..,..,..,..,..,..,..,..,..,..,..,..,..,..,32.1876796,33.5620806,34.8121732,35.4371373,33.4376434,34.8125729,31.5620566,34.4379831,33.3126796,32.8129485,32.9373291,32.8124887,34.3124926,35.3129158,32.8126878,35.8125316,35.1871376,32.6868112,35.062311,35.8121993,33.4379063,32.0618607,..
Land Surface Temperature,EN.LND.LTMP.DC,Brazil,BRA,..,..,..,..,..,..,..,..,..,..,..,..,..,..,..,..,..,..,..,..,..,..,..,..,..,..,..,..,..,..,..,..,..,..,..,..,..,..,..,..,27.8674861,28.4354771,28.4355361,28.4364439,28.1853454,28.4353843,28.185139,28.5612668,28.5604679,28.4359118,28.8108267,28.4356285,28.8106675,28.4363023,28.6859734,29.311436,29.1866051,29.0611023,28.6857977,29.1868937,29.0605651,28.8111858,..
Land Surface Temperature,EN.LND.LTMP.DC,Brunei Darussalam,BRN,..,..,..,..,..,..,..,..,..,..,..,..,..,..,..,..,..,..,..,..,..,..,..,..,..,..,..,..,..,..,..,..,..,..,..,..,..,..,..,..,28.0960621,28.3465351,27.9063762,27.7174292,27.656054,27.6577279,27.7791905,27.844033,27.7818262,28.6567483,27.780538,28.0926967,28.7184041,28.4694457,28.2185706,28.3450682,28.594922,28.2805516,28.3450705,28.4675551,28.2807727,28.40594,..
Land Surface Temperature,EN.LND.LTMP.DC,Bulgaria,BGR,..,..,..,..,..,..,..,..,..,..,..,..,..,..,..,..,..,..,..,..,..,..,..,..,..,..,..,..,..,..,..,..,..,..,..,..,..,..,..,..,24.5636514,19.6873383,18.5629669,19.5626678,18.1872591,16.5613538,18.3126843,20.4359849,19.312363,19.1870405,17.6868816,18.936661,19.6865161,19.8122651,20.0625494,19.5626499,18.9371651,19.185533,19.4380759,20.5615453,20.9369587,19.5628195,..
Land Surface Temperature,EN.LND.LTMP.DC,Burkina Faso,BFA,..,..,..,..,..,..,..,..,..,..,..,..,..,..,..,..,..,..,..,..,..,..,..,..,..,..,..,..,..,..,..,..,..,..,..,..,..,..,..,..,37.3126991,37.4377695,36.6874553,36.0631424,36.1868196,35.8131935,36.563306,36.063235,35.9378637,36.4376439,35.9373681,36.9378178,35.312773,37.0629579,36.9382134,36.0625542,36.4377025,35.9376884,36.5626518,37.0621347,37.187544,37.4378312,..
Land Surface Temperature,EN.LND.LTMP.DC,Burundi,BDI,..,..,..,..,..,..,..,..,..,..,..,..,..,..,..,..,..,..,..,..,..,..,..,..,..,..,..,..,..,..,..,..,..,..,..,..,..,..,..,..,30.1871061,26.561681,28.1874335,27.813202,28.1882611,28.1885401,28.1877099,27.3108354,27.4364697,27.8120803,28.5644915,26.9360911,27.4370333,27.9377777,27.4365444,28.1887266,28.8132642,28.0616281,27.813743,27.4402502,27.4368498,27.6898651,..
Land Surface Temperature,EN.LND.LTMP.DC,Cabo Verde,CPV,..,..,..,..,..,..,..,..,..,..,..,..,..,..,..,..,..,..,..,..,..,..,..,..,..,..,..,..,..,..,..,..,..,..,..,..,..,..,..,..,33.1920961,33.8100354,33.1906495,32.4277023,32.8026004,33.1867153,33.1826115,32.814735,32.8169603,32.6874543,32.6949788,32.3248932,31.8153523,32.9377353,32.6892549,32.3119817,32.4325906,33.0558213,33.18337,33.9348804,33.5621792,33.1915006,..
Land Surface Temperature,EN.LND.LTMP.DC,Cambodia,KHM,..,..,..,..,..,..,..,..,..,..,..,..,..,..,..,..,..,..,..,..,..,..,..,..,..,..,..,..,..,..,..,..,..,..,..,..,..,..,..,..,29.188246,29.5621365,30.1876321,30.4370117,30.8125646,31.3113981,30.1870167,30.5620684,29.9370631,29.8129372,31.6871631,30.4369771,30.8131119,31.3137108,30.9373492,32.3126691,33.1874778,30.6871826,31.3122509,32.5624757,32.9383182,31.5625598,..
Land Surface Temperature,EN.LND.LTMP.DC,Cameroon,CMR,..,..,..,..,..,..,..,..,..,..,..,..,..,..,..,..,..,..,..,..,..,..,..,..,..,..,..,..,..,..,..,..,..,..,..,..,..,..,..,..,27.1217588,26.9363143,26.1867915,26.4368527,26.1874894,26.0615911,26.1220773,26.4373903,26.1871248,26.123307,26.5617489,26.0615744,26.0609904,26.3113,26.4360513,26.3128458,26.5622145,26.5618041,26.1867421,26.8118037,27.0626531,26.8732423,..
Land Surface Temperature,EN.LND.LTMP.DC,Canada,CAN,..,..,..,..,..,..,..,..,..,..,..,..,..,..,..,..,..,..,..,..,..,..,..,..,..,..,..,..,..,..,..,..,..,..,..,..,..,..,..,..,0.25207847,-3.2462657,-4.2502206,-2.748046,-4.7517448,-2.7487294,-1.7481732,-4.2497933,-4.2461182,-4.2505581,-0.7454505,-3.7484531,-2.7453726,-3.2452823,-3.2502405,-3.2512013,-2.2509888,-2.7500807,-3.7452471,-3.2511522,-4.2487849,-3.2466338,..
Land Surface Temperature,EN.LND.LTMP.DC,Central African Republic,CAF,..,..,..,..,..,..,..,..,..,..,..,..,..,..,..,..,..,..,..,..,..,..,..,..,..,..,..,..,..,..,..,..,..,..,..,..,..,..,..,..,30.1832465,30.1865546,29.1563235,29.0617372,28.9691617,29.1563509,28.968526,29.3117641,28.9375732,28.9686456,29.2808324,29.3120633,29.1874537,28.8439365,28.9684518,28.7813672,29.0936309,29.3438872,28.7187003,29.4059804,29.5310783,29.4062052,..
Land Surface Temperature,EN.LND.LTMP.DC,Chad,TCD,..,..,..,..,..,..,..,..,..,..,..,..,..,..,..,..,..,..,..,..,..,..,..,..,..,..,..,..,..,..,..,..,..,..,..,..,..,..,..,..,41.3124522,39.312198,39.0621834,38.8127004,38.9379436,38.5627383,39.0629455,38.5628666,38.812408,39.5627833,39.5635718,39.1874032,38.4376751,40.187952,39.4378634,38.5626648,39.1878745,38.4375903,38.9378672,39.0627632,39.0619959,39.8125951,..
Land Surface Temperature,EN.LND.LTMP.DC,Chile,CHL,..,..,..,..,..,..,..,..,..,..,..,..,..,..,..,..,..,..,..,..,..,..,..,..,..,..,..,..,..,..,..,..,..,..,..,..,..,..,..,..,14.7442032,17.246448,15.7478576,16.2491691,16.2493537,15.7516635,16.250129,15.2504366,17.2511556,16.2542728,15.7501151,16.2510555,16.2513257,16.2503228,16.2541641,16.7563311,16.752091,15.7501277,16.2465757,16.7494367,17.2503208,17.2510552,..
Land Surface Temperature,EN.LND.LTMP.DC,China,CHN,..,..,..,..,..,..,..,..,..,..,..,..,..,..,..,..,..,..,..,..,..,..,..,..,..,..,..,..,..,..,..,..,..,..,..,..,..,..,..,..,21.8763555,18.6259774,19.1252395,18.3757328,18.8758742,18.7553121,18.8754194,19.3758008,18.6251385,19.3755535,18.2537088,18.2534637,17.751389,19.2538037,19.1258036,19.3752845,19.2540353,19.3752989,18.8748757,19.1246366,18.7517841,18.7506554,..
Land Surface Temperature,EN.LND.LTMP.DC,Colombia,COL,..,..,..,..,..,..,..,..,..,..,..,..,..,..,..,..,..,..,..,..,..,..,..,..,..,..,..,..,..,..,..,..,..,..,..,..,..,..,..,..,27.8711614,28.121168,27.8729878,28.122127,27.871725,27.8695368,27.6203365,28.1230376,27.8755893,27.8734743,28.6227842,27.8710839,28.1228245,28.1246495,28.1213361,28.3688655,28.6205685,28.3703422,28.3736797,28.3695332,28.6211616,28.3728129,..
Land Surface Temperature,EN.LND.LTMP.DC,Comoros,COM,..,..,..,..,..,..,..,..,..,..,..,..,..,..,..,..,..,..,..,..,..,..,..,..,..,..,..,..,..,..,..,..,..,..,..,..,..,..,..,..,25.6833517,26.3077879,26.1822336,26.2873122,25.5970618,26.2282371,25.5923565,25.9063515,25.5656528,25.9696573,26.3111335,25.7169137,25.7170394,26.3112483,26.551245,26.5880682,26.1798185,26.4019934,26.3382263,26.4672035,26.1630438,26.0954445,..
Land Surface Temperature,EN.LND.LTMP.DC,"Congo, Dem. Rep.",COD,..,..,..,..,..,..,..,..,..,..,..,..,..,..,..,..,..,..,..,..,..,..,..,..,..,..,..,..,..,..,..,..,..,..,..,..,..,..,..,..,27.8691004,27.4357097,27.3116178,27.3107918,27.31091,27.4359497,27.4362829,27.1857239,27.3112202,27.3112489,27.9362305,27.4359848,27.1211431,27.5614529,27.5617087,27.4364874,28.0618336,27.8107306,27.8110818,27.8114102,28.0617329,27.936711,..
Land Surface Temperature,EN.LND.LTMP.DC,"Congo, Rep.",COG,..,..,..,..,..,..,..,..,..,..,..,..,..,..,..,..,..,..,..,..,..,..,..,..,..,..,..,..,..,..,..,..,..,..,..,..,..,..,..,..,27.3701626,27.0613167,26.9361795,26.9688574,26.8121831,26.9366749,27.0313275,27.0305971,27.0605264,27.1557815,27.5618914,27.0312152,26.9368525,27.0934537,27.1861502,27.0934155,27.5306502,27.5303629,27.4056727,27.5933978,27.810852,27.8115781,..
Land Surface Temperature,EN.LND.LTMP.DC,Costa Rica,CRI,..,..,..,..,..,..,..,..,..,..,..,..,..,..,..,..,..,..,..,..,..,..,..,..,..,..,..,..,..,..,..,..,..,..,..,..,..,..,..,..,27.438123,28.0637847,27.6875611,28.0606694,27.31385,27.6865319,27.5640016,27.5606085,27.6875777,27.8130613,27.936849,27.5614392,27.6874207,27.937296,27.9383705,27.8123553,28.1868794,28.0615514,27.6867619,28.1893089,28.0632533,27.311783,..
Land Surface Temperature,EN.LND.LTMP.DC,Cote d'Ivoire,CIV,..,..,..,..,..,..,..,..,..,..,..,..,..,..,..,..,..,..,..,..,..,..,..,..,..,..,..,..,..,..,..,..,..,..,..,..,..,..,..,..,29.1874353,29.8437267,29.1555716,29.0312679,28.2811857,28.0932779,28.8439177,28.6567957,28.9062915,28.4687434,28.9683109,28.7808365,28.65629,29.4057328,29.1863541,29.1873147,29.7810512,29.5313621,29.4059366,30.1556757,29.9061972,29.3438805,..
Land Surface Temperature,EN.LND.LTMP.DC,Croatia,HRV,..,..,..,..,..,..,..,..,..,..,..,..,..,..,..,..,..,..,..,..,..,..,..,..,..,..,..,..,..,..,..,..,..,..,..,..,..,..,..,..,21.3129789,16.2802991,17.5935994,17.3117016,16.0310248,14.9691177,16.9064997,18.4371788,18.0627264,18.0616452,16.061893,18.5636179,17.6870266,17.3436483,18.0927496,18.0315494,17.2189342,17.9363013,17.9069472,18.2185233,18.1567503,17.4378017,..
Land Surface Temperature,EN.LND.LTMP.DC,Cuba,CUB,..,..,..,..,..,..,..,..,..,..,..,..,..,..,..,..,..,..,..,..,..,..,..,..,..,..,..,..,..,..,..,..,..,..,..,..,..,..,..,..,31.1878404,29.9387368,30.0619286,29.4375911,30.8132877,30.1872931,29.9692888,29.0937032,29.56307,30.0626606,29.187419,30.0624951,29.1873354,29.6871099,29.5613275,30.3118935,29.6870905,29.8118639,29.0620607,29.6870287,29.9371417,29.6877966,..
Land Surface Temperature,EN.LND.LTMP.DC,Cyprus,CYP,..,..,..,..,..,..,..,..,..,..,..,..,..,..,..,..,..,..,..,..,..,..,..,..,..,..,..,..,..,..,..,..,..,..,..,..,..,..,..,..,32.4380301,28.7797463,28.719593,28.5320851,28.9030863,28.4419943,28.6834206,28.9303475,30.1836398,28.6894696,29.5932924,28.1855448,28.3115404,29.5616983,29.4327792,28.5631115,30.4350043,29.1885258,29.6852971,27.9050559,28.9685473,29.9392592,..
Land Surface Temperature,EN.LND.LTMP.DC,Czechia,CZE,..,..,..,..,..,..,..,..,..,..,..,..,..,..,..,..,..,..,..,..,..,..,..,..,..,..,..,..,..,..,..,..,..,..,..,..,..,..,..,..,17.469317,11.4377647,13.4695038,14.4687294,12.5615916,12.6558896,12.09371,15.1861106,14.4687419,14.0631464,11.9379727,14.0937704,13.3433007,14.0625684,15.562349,15.4060208,14.81161,14.0931535,16.18819,15.3443105,14.5617317,13.4377941,..
Land Surface Temperature,EN.LND.LTMP.DC,Denmark,DNK,..,..,..,..,..,..,..,..,..,..,..,..,..,..,..,..,..,..,..,..,..,..,..,..,..,..,..,..,..,..,..,..,..,..,..,..,..,..,..,..,13.6560311,10.5937323,12.4690223,12.2816043,11.5931999,11.7814717,12.530612,12.6564593,12.5944132,12.2811097,9.28143104,11.8436788,10.6877259,11.8436947,13.718956,12.0937654,12.3435815,11.4686519,13.9692075,12.5935977,13.0938174,11.781271,..
Land Surface Temperature,EN.LND.LTMP.DC,Djibouti,DJI,..,..,..,..,..,..,..,..,..,..,..,..,..,..,..,..,..,..,..,..,..,..,..,..,..,..,..,..,..,..,..,..,..,..,..,..,..,..,..,..,42.3152453,41.3133627,40.8145497,39.8125601,40.8135335,40.1858488,40.1879548,40.5647783,40.6864237,40.4350702,39.9367742,40.3163406,39.8141929,39.8132843,40.4380036,41.1876218,40.937946,40.561887,39.936257,40.687719,40.9396668,41.1891219,..
Land Surface Temperature,EN.LND.LTMP.DC,Dominica,DMA,..,..,..,..,..,..,..,..,..,..,..,..,..,..,..,..,..,..,..,..,..,..,..,..,..,..,..,..,..,..,..,..,..,..,..,..,..,..,..,..,24.1616413,24.2138397,23.9120909,24.032262,23.7182802,24.143184,23.892168,24.0170838,23.9017941,23.6019511,24.7781808,23.9080004,23.8955236,23.9691651,24.5303065,24.2687062,24.5330217,24.8576643,24.6105627,24.4658396,24.8597247,24.5901225,..
Land Surface Temperature,EN.LND.LTMP.DC,Dominican Republic,DOM,..,..,..,..,..,..,..,..,..,..,..,..,..,..,..,..,..,..,..,..,..,..,..,..,..,..,..,..,..,..,..,..,..,..,..,..,..,..,..,..,29.6883084,29.0610396,29.0628346,28.6876555,28.3124433,28.437713,28.4365719,28.4366629,28.437607,28.5622702,28.4386828,28.562448,28.3140666,28.8144699,29.0649863,29.6896675,28.6890594,28.0624082,28.4381371,29.6870963,29.4397645,28.6853831,..
Land Surface Temperature,EN.LND.LTMP.DC,Ecuador,ECU,..,..,..,..,..,..,..,..,..,..,..,..,..,..,..,..,..,..,..,..,..,..,..,..,..,..,..,..,..,..,..,..,..,..,..,..,..,..,..,..,26.6283028,27.1288323,26.6281519,26.87782,26.8802591,26.8790354,26.6309023,26.8769757,26.6296301,27.1287567,27.1289521,26.629761,26.8802159,27.1297516,27.1268328,27.1272196,27.3773941,27.1282317,27.128669,26.8804789,27.3782943,26.879111,..
Land Surface Temperature,EN.LND.LTMP.DC,"Egypt, Arab Rep.",EGY,..,..,..,..,..,..,..,..,..,..,..,..,..,..,..,..,..,..,..,..,..,..,..,..,..,..,..,..,..,..,..,..,..,..,..,..,..,..,..,..,38.6251802,36.3119212,36.1881105,36.1880434,36.1871071,35.9373655,36.1876413,36.3122726,36.5630738,36.8120385,37.6885058,36.0623196,36.8124214,36.4377175,36.9373028,36.5624181,36.9383377,36.3127435,37.0626519,36.9377781,36.6872861,36.8122301,..
Land Surface Temperature,EN.LND.LTMP.DC,El Salvador,SLV,..,..,..,..,..,..,..,..,..,..,..,..,..,..,..,..,..,..,..,..,..,..,..,..,..,..,..,..,..,..,..,..,..,..,..,..,..,..,..,..,32.1866097,32.5639751,32.4393614,31.4397316,31.9394672,31.5632692,31.3123841,31.686768,31.4382782,31.8146067,31.5644075,31.5593683,31.435043,31.8123114,31.5631367,32.437809,31.5617259,32.0617031,31.6867428,31.9386135,31.6857165,31.1870208,..
Land Surface Temperature,EN.LND.LTMP.DC,Equatorial Guinea,GNQ,..,..,..,..,..,..,..,..,..,..,..,..,..,..,..,..,..,..,..,..,..,..,..,..,..,..,..,..,..,..,..,..,..,..,..,..,..,..,..,..,25.6864832,25.3122429,25.1565847,24.780197,24.5602936,24.8118309,24.5615099,24.6868227,24.8103571,24.6873008,24.9391022,24.8102397,24.5610941,25.4385803,25.3134722,24.5616786,25.5618772,25.3109439,25.3111346,25.4357833,25.8114287,25.6867494,..
Land Surface Temperature,EN.LND.LTMP.DC,Eritrea,ERI,..,..,..,..,..,..,..,..,..,..,..,..,..,..,..,..,..,..,..,..,..,..,..,..,..,..,..,..,..,..,..,..,..,..,..,..,..,..,..,..,42.31235,41.687914,41.4369672,40.937003,41.3126158,40.5623456,40.6881764,40.6866731,40.8124807,41.5626887,40.9369165,40.688108,40.6875915,41.0634976,41.0625626,41.4368459,41.3124075,41.0622675,40.5627108,41.0621802,41.3133577,41.4380812,..
Land Surface Temperature,EN.LND.LTMP.DC,Estonia,EST,..,..,..,..,..,..,..,..,..,..,..,..,..,..,..,..,..,..,..,..,..,..,..,..,..,..,..,..,..,..,..,..,..,..,..,..,..,..,..,..,12.5304636,5.93654852,8.71864444,7.59324853,7.59370954,7.40610208,8.90599678,9.28166234,9.40631165,7.1563077,6.09369508,9.18764473,6.2191262,8.78104683,9.15683265,9.78013574,8.65646964,8.59376704,9.96884288,9.8442572,10.0620971,7.6867655,..
Land Surface Temperature,EN.LND.LTMP.DC,Eswatini,SWZ,..,..,..,..,..,..,..,..,..,..,..,..,..,..,..,..,..,..,..,..,..,..,..,..,..,..,..,..,..,..,..,..,..,..,..,..,..,..,..,..,26.2202433,27.6567146,28.4050732,29.3429852,27.4676672,28.5939138,27.2800389,28.2818494,27.9657256,27.2819875,27.7195199,27.5321989,27.5943933,27.4678736,27.8444734,29.3462414,29.592689,28.4678893,27.3430202,28.6575547,28.0927083,27.0307819,..
Land Surface Temperature,EN.LND.LTMP.DC,Ethiopia,ETH,..,..,..,..,..,..,..,..,..,..,..,..,..,..,..,..,..,..,..,..,..,..,..,..,..,..,..,..,..,..,..,..,..,..,..,..,..,..,..,..,34.6245476,34.6239442,34.6231876,34.6244125,34.3750739,34.3741101,33.3734605,33.6242009,34.1242962,35.1245325,33.8747808,34.3737435,34.1247485,33.6248897,33.8738487,34.6234933,34.6241229,34.6257735,33.3736202,34.3740617,33.3733157,34.3734476,..
Land Surface Temperature,EN.LND.LTMP.DC,Fiji,FJI,..,..,..,..,..,..,..,..,..,..,..,..,..,..,..,..,..,..,..,..,..,..,..,..,..,..,..,..,..,..,..,..,..,..,..,..,..,..,..,..,24.8420074,25.2808655,24.9048002,25.2814688,25.2197728,25.0325401,24.7819722,25.4055776,25.1560121,24.7177476,25.7168423,25.2816883,25.0922923,25.4069918,25.4048994,24.9689396,26.0317661,25.5930728,25.7191159,25.4069076,25.465563,25.4682412,..
Land Surface Temperature,EN.LND.LTMP.DC,Finland,FIN,..,..,..,..,..,..,..,..,..,..,..,..,..,..,..,..,..,..,..,..,..,..,..,..,..,..,..,..,..,..,..,..,..,..,..,..,..,..,..,..,5.43763845,0.68841516,2.31171987,2.84357843,2.21896332,3.18700408,3.18639363,3.06194603,2.93857697,2.43836668,1.43780172,3.93814433,1.31223501,4.31338542,4.43739995,4.43827603,3.93761841,2.18763715,3.93827076,3.06282982,4.81366415,2.6879101,..
Land Surface Temperature,EN.LND.LTMP.DC,France,FRA,..,..,..,..,..,..,..,..,..,..,..,..,..,..,..,..,..,..,..,..,..,..,..,..,..,..,..,..,..,..,..,..,..,..,..,..,..,..,..,..,18.37311,15.6244649,17.3751291,18.3748867,16.8747142,17.1246352,17.1246135,16.1238189,16.123084,17.124841,16.3747837,18.3743655,16.3736171,16.6250071,17.624855,17.8757438,17.3742626,17.6254302,18.8742424,18.3745837,18.6245956,16.6256127,..
Land Surface Temperature,EN.LND.LTMP.DC,Gabon,GAB,..,..,..,..,..,..,..,..,..,..,..,..,..,..,..,..,..,..,..,..,..,..,..,..,..,..,..,..,..,..,..,..,..,..,..,..,..,..,..,..,26.0615205,25.7809765,25.59347,25.843234,25.6561817,25.3438621,25.5938263,25.7810687,25.4686697,25.7803211,25.9373037,25.4688607,25.3117302,25.7810534,25.9366302,25.5311716,25.9375401,26.1561037,25.9685987,26.1563026,26.405724,26.2184529,..
Land Surface Temperature,EN.LND.LTMP.DC,"Gambia, The",GMB,..,..,..,..,..,..,..,..,..,..,..,..,..,..,..,..,..,..,..,..,..,..,..,..,..,..,..,..,..,..,..,..,..,..,..,..,..,..,..,..,34.7801396,35.7810028,35.9064927,34.407839,33.8433797,34.4700895,34.2180362,35.3454581,34.0305185,34.7805907,33.9665237,34.407542,33.5947222,34.6582654,35.1588068,33.6555356,34.7781989,34.5936945,35.0942365,35.970614,35.2840419,34.7797449,..
Land Surface Temperature,EN.LND.LTMP.DC,Georgia,GEO,..,..,..,..,..,..,..,..,..,..,..,..,..,..,..,..,..,..,..,..,..,..,..,..,..,..,..,..,..,..,..,..,..,..,..,..,..,..,..,..,17.3744658,15.1284275,14.6223611,14.126189,14.3723568,14.1255198,14.8763377,14.3752424,14.370785,14.6223095,17.374287,13.3722142,14.8739383,14.8755266,15.8759172,15.8732167,14.8746026,15.6196329,16.1220855,15.8705831,15.6243337,15.6243353,..
Land Surface Temperature,EN.LND.LTMP.DC,Germany,DEU,..,..,..,..,..,..,..,..,..,..,..,..,..,..,..,..,..,..,..,..,..,..,..,..,..,..,..,..,..,..,..,..,..,..,..,..,..,..,..,..,16.0625583,12.4373675,13.5624502,14.937257,13.3119198,13.5620908,13.5632544,14.6247826,14.3124426,13.9376165,12.5621989,14.6881403,13.1865588,14.1867542,15.1878215,14.8116934,14.5623764,14.1873459,16.6872467,15.5622506,15.8123659,14.0623235,..
Land Surface Temperature,EN.LND.LTMP.DC,Ghana,GHA,..,..,..,..,..,..,..,..,..,..,..,..,..,..,..,..,..,..,..,..,..,..,..,..,..,..,..,..,..,..,..,..,..,..,..,..,..,..,..,..,31.1875787,32.6878207,31.1878565,31.0625655,29.9059513,30.5626234,31.3126521,31.0927134,31.0312705,30.9063062,31.0307031,31.0936849,30.5943083,31.593486,31.5937239,31.4383092,32.311566,32.1560902,31.8127522,33.0625769,32.9066438,32.594144,..
Land Surface Temperature,EN.LND.LTMP.DC,Greece,GRC,..,..,..,..,..,..,..,..,..,..,..,..,..,..,..,..,..,..,..,..,..,..,..,..,..,..,..,..,..,..,..,..,..,..,..,..,..,..,..,..,25.5629104,22.3104819,21.4384597,21.9379449,21.1880242,21.0632371,20.9371087,22.4380295,22.0607694,21.4383019,21.8117631,21.3112466,22.4362074,22.1881622,21.8124133,21.5625869,21.9365611,22.06298,21.9376515,22.0630383,22.1860033,21.6866702,..
Land Surface Temperature,EN.LND.LTMP.DC,Grenada,GRD,..,..,..,..,..,..,..,..,..,..,..,..,..,..,..,..,..,..,..,..,..,..,..,..,..,..,..,..,..,..,..,..,..,..,..,..,..,..,..,..,24.7893782,25.4179059,25.1577479,25.3883333,25.4938889,26.0745479,25.5470675,25.2973052,25.3389482,25.2264144,26.0265333,24.8866825,25.3893358,25.9191612,25.658391,25.3377067,25.6560802,25.4225623,24.8328571,25.9670064,26.0313721,25.0317498,..
Land Surface Temperature,EN.LND.LTMP.DC,Guatemala,GTM,..,..,..,..,..,..,..,..,..,..,..,..,..,..,..,..,..,..,..,..,..,..,..,..,..,..,..,..,..,..,..,..,..,..,..,..,..,..,..,..,28.0618127,27.3112961,27.311649,27.9371938,27.1875945,27.9355897,27.1860324,27.6863796,27.6858772,28.0615392,27.9373963,27.8119742,27.562577,28.3131642,27.5611111,27.9368243,28.1865345,28.0606957,27.9376479,28.560866,28.5616807,27.8121489,..
Land Surface Temperature,EN.LND.LTMP.DC,Guinea,GIN,..,..,..,..,..,..,..,..,..,..,..,..,..,..,..,..,..,..,..,..,..,..,..,..,..,..,..,..,..,..,..,..,..,..,..,..,..,..,..,..,30.2806659,31.0621722,30.718834,30.6559936,30.1556782,29.9690016,30.6559692,30.8436569,30.2187727,30.9693246,30.468971,30.4685422,30.0936615,31.3430992,30.9070852,30.2818475,31.5625578,30.7816747,31.5622781,31.9384386,31.6563552,31.3123838,..
Land Surface Temperature,EN.LND.LTMP.DC,Guinea-Bissau,GNB,..,..,..,..,..,..,..,..,..,..,..,..,..,..,..,..,..,..,..,..,..,..,..,..,..,..,..,..,..,..,..,..,..,..,..,..,..,..,..,..,30.7817124,31.1579017,30.9697648,31.0309941,29.7196674,30.2808315,30.156513,30.5307907,30.1574954,30.6559623,30.2191188,30.0308522,30.0313501,30.0943848,30.4055895,30.2197366,31.2807044,30.4695218,31.1567378,31.5319637,31.2818252,30.6575292,..
Land Surface Temperature,EN.LND.LTMP.DC,Guyana,GUY,..,..,..,..,..,..,..,..,..,..,..,..,..,..,..,..,..,..,..,..,..,..,..,..,..,..,..,..,..,..,..,..,..,..,..,..,..,..,..,..,25.6869368,26.0623353,26.0630109,26.0628926,26.1874715,26.1865909,25.9376509,25.8111349,26.0627796,26.3125877,26.5618927,26.1873178,26.4375124,26.0624614,26.187132,26.6892679,26.8118896,26.3126362,26.0623534,26.3120216,26.5625895,26.1874846,..
Land Surface Temperature,EN.LND.LTMP.DC,Haiti,HTI,..,..,..,..,..,..,..,..,..,..,..,..,..,..,..,..,..,..,..,..,..,..,..,..,..,..,..,..,..,..,..,..,..,..,..,..,..,..,..,..,31.0644061,30.3127165,30.5637463,30.1895073,30.0595473,30.0599991,29.9366852,29.5601644,29.8122016,30.0623831,29.4380543,29.9356204,30.0634669,30.437034,30.5615933,31.0625412,30.0645468,29.6885407,29.9395926,30.5643212,30.6867453,30.1855751,..
Land Surface Temperature,EN.LND.LTMP.DC,Honduras,HND,..,..,..,..,..,..,..,..,..,..,..,..,..,..,..,..,..,..,..,..,..,..,..,..,..,..,..,..,..,..,..,..,..,..,..,..,..,..,..,..,27.6873588,27.3126677,27.3104397,27.4375896,26.6877999,27.3122479,26.9369002,27.0611506,27.0614997,27.3115001,27.3116963,27.4362345,26.8106742,27.3108172,27.1882333,27.3117703,27.8111517,27.1872537,27.3121328,28.186605,28.3111216,27.4375775,..
Land Surface Temperature,EN.LND.LTMP.DC,Hungary,HUN,..,..,..,..,..,..,..,..,..,..,..,..,..,..,..,..,..,..,..,..,..,..,..,..,..,..,..,..,..,..,..,..,..,..,..,..,..,..,..,..,22.844049,16.1566528,18.9068885,17.9694013,16.4687925,15.8431162,17.0318159,20.0315243,18.1557671,19.0312065,15.718662,18.7188009,19.4059567,18.6561614,19.0926014,19.7815209,18.4063739,18.3431993,19.2185649,19.0925344,18.8436928,18.6557123,..
Land Surface Temperature,EN.LND.LTMP.DC,Iceland,ISL,..,..,..,..,..,..,..,..,..,..,..,..,..,..,..,..,..,..,..,..,..,..,..,..,..,..,..,..,..,..,..,..,..,..,..,..,..,..,..,..,4.18824141,1.18753847,1.81340926,3.81224728,2.81367189,1.93775277,2.43776583,2.31274289,1.43667014,1.56208224,2.56310074,1.31160796,2.56063074,0.81145361,1.31239677,0.31209811,2.68686842,2.43747373,1.4370871,2.68756412,1.06176285,2.43856423,..
Land Surface Temperature,EN.LND.LTMP.DC,India,IND,..,..,..,..,..,..,..,..,..,..,..,..,..,..,..,..,..,..,..,..,..,..,..,..,..,..,..,..,..,..,..,..,..,..,..,..,..,..,..,..,34.749808,33.7515607,33.7534865,33.3756866,33.2483983,33.251224,33.124805,33.1258523,32.8749385,33.7540385,33.248998,32.6255724,33.2509598,32.6251325,32.7502237,32.7485085,33.7488876,33.3755332,32.7504196,32.7497783,31.8756492,31.8746559,..
Land Surface Temperature,EN.LND.LTMP.DC,Indonesia,IDN,..,..,..,..,..,..,..,..,..,..,..,..,..,..,..,..,..,..,..,..,..,..,..,..,..,..,..,..,..,..,..,..,..,..,..,..,..,..,..,..,27.3745672,27.3747378,27.3732726,27.3742351,27.1252043,27.1247671,27.3736587,27.1249939,27.1250657,27.6245548,27.3747584,27.3744219,27.6239626,27.6238141,27.6238801,27.8718215,27.8739298,27.6247446,27.8740659,27.8731431,27.8739402,27.6245108,..
Land Surface Temperature,EN.LND.LTMP.DC,"Iran, Islamic Rep.",IRN,..,..,..,..,..,..,..,..,..,..,..,..,..,..,..,..,..,..,..,..,..,..,..,..,..,..,..,..,..,..,..,..,..,..,..,..,..,..,..,..,39.1262023,35.3766344,34.6265501,33.6258466,34.3761348,34.1259956,34.3756561,33.6259233,34.1254915,33.3755308,35.1258237,34.1254654,33.6253118,34.6256612,34.3760991,34.6258924,35.37578,35.3760113,35.1258498,33.8744217,33.8745975,36.1253434,..
Land Surface Temperature,EN.LND.LTMP.DC,Iraq,IRQ,..,..,..,..,..,..,..,..,..,..,..,..,..,..,..,..,..,..,..,..,..,..,..,..,..,..,..,..,..,..,..,..,..,..,..,..,..,..,..,..,39.1229241,36.6212787,36.1223333,35.8732786,35.3753798,35.3759072,34.6258762,35.123503,35.1236471,35.1238231,36.3734144,34.6236602,35.6250318,34.6234142,35.8740914,35.6232009,36.3743743,36.3739098,35.8746157,36.6226752,37.6273083,38.1250696,..
Land Surface Temperature,EN.LND.LTMP.DC,Ireland,IRL,..,..,..,..,..,..,..,..,..,..,..,..,..,..,..,..,..,..,..,..,..,..,..,..,..,..,..,..,..,..,..,..,..,..,..,..,..,..,..,..,12.8439806,11.1556653,11.5947469,12.2812372,11.7191286,12.0941855,12.218516,12.4686855,10.8435441,11.34366,11.3433613,11.4368265,10.8440058,12.0312146,11.9062357,11.4685326,11.8441311,11.7188123,12.4677383,11.6560309,11.4051478,12.4066632,..
Land Surface Temperature,EN.LND.LTMP.DC,Israel,ISR,..,..,..,..,..,..,..,..,..,..,..,..,..,..,..,..,..,..,..,..,..,..,..,..,..,..,..,..,..,..,..,..,..,..,..,..,..,..,..,..,35.6838618,33.1905248,33.0614637,33.1823852,32.81338,32.6876762,32.9408121,32.9410214,33.3156069,33.4383811,34.4390722,32.6925485,33.3137708,33.440104,33.1886465,32.5588154,33.810843,33.6903591,33.3119968,33.3131258,33.4398937,34.3117709,..
Land Surface Temperature,EN.LND.LTMP.DC,Italy,ITA,..,..,..,..,..,..,..,..,..,..,..,..,..,..,..,..,..,..,..,..,..,..,..,..,..,..,..,..,..,..,..,..,..,..,..,..,..,..,..,..,22.8761522,19.1242177,19.8755676,21.1269717,19.3756383,19.1249035,20.1270753,20.6250142,20.1255576,20.1257259,18.8766585,20.6257497,20.6263955,19.8772811,20.1263592,20.6255888,20.1275993,21.1258507,20.1258887,20.6273965,20.8753859,20.3760802,..
Land Surface Temperature,EN.LND.LTMP.DC,Jamaica,JAM,..,..,..,..,..,..,..,..,..,..,..,..,..,..,..,..,..,..,..,..,..,..,..,..,..,..,..,..,..,..,..,..,..,..,..,..,..,..,..,..,27.932051,27.3124701,27.4385052,27.4363307,27.6876448,27.4347678,27.5590205,27.1900561,27.18768,27.5593652,27.4360431,27.3127396,27.3107631,27.8147513,27.9362612,28.1858982,27.5592292,27.1844465,27.31045,27.810439,28.0602486,27.4360138,..
Land Surface Temperature,EN.LND.LTMP.DC,Japan,JPN,..,..,..,..,..,..,..,..,..,..,..,..,..,..,..,..,..,..,..,..,..,..,..,..,..,..,..,..,..,..,..,..,..,..,..,..,..,..,..,..,17.1254636,14.3767198,14.8751303,14.0620761,15.3749626,14.373245,14.124837,15.3764164,14.6880834,14.6249687,14.8766048,14.1255373,14.1259975,14.6251209,14.6249213,15.3772461,15.3130861,14.3744507,15.3741502,15.3131814,15.3754343,15.3114993,..
Land Surface Temperature,EN.LND.LTMP.DC,Jordan,JOR,..,..,..,..,..,..,..,..,..,..,..,..,..,..,..,..,..,..,..,..,..,..,..,..,..,..,..,..,..,..,..,..,..,..,..,..,..,..,..,..,37.8121561,34.5621465,34.1881536,34.0630539,33.9366661,33.4372668,33.9375986,33.6867824,34.4379685,34.4372621,35.3119276,33.8134688,34.5616601,34.0627109,34.4380044,33.8127731,34.8121712,34.8133236,34.1857102,34.4362026,34.8131816,35.5630906,..
Land Surface Temperature,EN.LND.LTMP.DC,Kazakhstan,KAZ,..,..,..,..,..,..,..,..,..,..,..,..,..,..,..,..,..,..,..,..,..,..,..,..,..,..,..,..,..,..,..,..,..,..,..,..,..,..,..,..,19.8744454,14.8741726,16.6254119,14.1238672,15.8732179,16.3742734,16.8753589,16.1240679,17.1250103,15.8749383,16.8756568,14.3742995,16.2568241,17.6247395,15.8748593,16.3756739,15.8743288,15.6248707,15.1234202,16.3737901,17.1243575,17.2494753,..
Land Surface Temperature,EN.LND.LTMP.DC,Kenya,KEN,..,..,..,..,..,..,..,..,..,..,..,..,..,..,..,..,..,..,..,..,..,..,..,..,..,..,..,..,..,..,..,..,..,..,..,..,..,..,..,..,37.6251563,37.1271838,35.8757945,36.6255201,36.1252276,37.3753572,36.125835,35.3753443,36.6256711,37.8758679,36.6267781,36.8758076,36.6262977,36.3757416,36.874788,37.3747471,37.6254898,38.3741296,35.8743765,37.1271419,35.1258631,37.6238866,..
Land Surface Temperature,EN.LND.LTMP.DC,Kiribati,KIR,..,..,..,..,..,..,..,..,..,..,..,..,..,..,..,..,..,..,..,..,..,..,..,..,..,..,..,..,..,..,..,..,..,..,..,..,..,..,..,..,30.3456142,30.653766,30.5266051,30.28032,30.817361,30.5993789,30.7152055,30.4010221,30.0908286,31.0277155,29.7844847,30.2168583,30.1608751,30.5915453,31.0334163,29.7809793,29.9254778,30.2831924,31.0376112,30.4008303,30.9707221,30.6024565,..
Land Surface Temperature,EN.LND.LTMP.DC,"Korea, Dem. People's Rep.",PRK,..,..,..,..,..,..,..,..,..,..,..,..,..,..,..,..,..,..,..,..,..,..,..,..,..,..,..,..,..,..,..,..,..,..,..,..,..,..,..,..,15.5629717,12.062258,12.310935,12.4390022,12.436554,11.5620944,12.186649,12.8762746,13.1872424,12.938052,10.9354373,11.814028,10.8120403,12.0630806,13.6876205,13.3136115,12.5600016,12.5604164,12.9370113,13.9372297,12.9365393,13.188261,..
Land Surface Temperature,EN.LND.LTMP.DC,"Korea, Rep.",KOR,..,..,..,..,..,..,..,..,..,..,..,..,..,..,..,..,..,..,..,..,..,..,..,..,..,..,..,..,..,..,..,..,..,..,..,..,..,..,..,..,18.0616123,15.8128843,15.562919,14.9380045,16.1876536,15.0624559,15.6869554,16.1873501,15.6881886,16.0631396,14.6877808,14.9377432,14.6872725,15.6875345,16.3130279,17.0624601,16.6870558,16.1883905,16.3121051,16.9361756,16.4377285,16.4376283,..
Land Surface Temperature,EN.LND.LTMP.DC,Kuwait,KWT,..,..,..,..,..,..,..,..,..,..,..,..,..,..,..,..,..,..,..,..,..,..,..,..,..,..,..,..,..,..,..,..,..,..,..,..,..,..,..,..,41.6864966,39.0323846,39.1556763,38.4045045,38.7817053,38.0934718,38.6564449,37.8440216,37.1562594,37.2812401,39.5932133,37.5952092,37.9686696,38.0316118,39.2193952,38.3443169,39.5311442,39.530772,38.7801279,39.7204992,40.4375326,40.4061036,..
Land Surface Temperature,EN.LND.LTMP.DC,Kyrgyz Republic,KGZ,..,..,..,..,..,..,..,..,..,..,..,..,..,..,..,..,..,..,..,..,..,..,..,..,..,..,..,..,..,..,..,..,..,..,..,..,..,..,..,..,11.8738697,9.37352204,9.87552186,8.12490902,9.62372995,9.12572302,10.8774678,11.3774558,10.6308809,8.37347206,8.87783686,9.62447142,9.1225453,11.1294363,10.3783283,10.1262053,10.124194,9.62177768,10.1270317,11.1303549,9.87500255,10.6294901,..
Land Surface Temperature,EN.LND.LTMP.DC,Lao PDR,LAO,..,..,..,..,..,..,..,..,..,..,..,..,..,..,..,..,..,..,..,..,..,..,..,..,..,..,..,..,..,..,..,..,..,..,..,..,..,..,..,..,25.3118278,24.8113439,25.0612182,25.1864249,24.9363631,25.3116011,25.4369136,25.1874884,24.3117997,25.0620102,25.6860939,24.6862582,25.6867904,25.1867261,25.3118169,25.8120991,25.8115269,25.4369596,25.4380727,26.5623271,26.561924,25.6862573,..
Land Surface Temperature,EN.LND.LTMP.DC,Latvia,LVA,..,..,..,..,..,..,..,..,..,..,..,..,..,..,..,..,..,..,..,..,..,..,..,..,..,..,..,..,..,..,..,..,..,..,..,..,..,..,..,..,13.3437849,7.1562799,9.78156017,8.71917932,8.65609533,8.4678381,9.71871499,10.5309356,10.4066238,8.53185259,7.40545061,10.031695,7.96843139,9.04612393,10.3590608,10.5933007,9.9053096,9.28094903,11.9063158,11.5942303,10.9695174,7.96822902,..
Land Surface Temperature,EN.LND.LTMP.DC,Lebanon,LBN,..,..,..,..,..,..,..,..,..,..,..,..,..,..,..,..,..,..,..,..,..,..,..,..,..,..,..,..,..,..,..,..,..,..,..,..,..,..,..,..,28.4371875,25.8084882,25.0644672,25.1898418,25.5582442,25.0635812,24.5639951,24.9367014,25.6894779,24.8131033,26.6889999,24.0602865,25.314474,25.3156739,25.6867379,24.9390656,26.1855071,26.0611986,25.6857092,25.0625757,25.4382927,26.0646502,..
Land Surface Temperature,EN.LND.LTMP.DC,Lesotho,LSO,..,..,..,..,..,..,..,..,..,..,..,..,..,..,..,..,..,..,..,..,..,..,..,..,..,..,..,..,..,..,..,..,..,..,..,..,..,..,..,..,22.0309126,23.7813054,23.2165064,24.6548405,23.9062654,24.2814112,22.4687825,24.5306437,24.1551926,23.3450753,24.4676335,22.9691666,23.7205348,25.0313745,24.0306516,26.0301849,25.4691832,24.9680302,25.1554919,26.6575722,23.7814104,22.7815558,..
Land Surface Temperature,EN.LND.LTMP.DC,Liberia,LBR,..,..,..,..,..,..,..,..,..,..,..,..,..,..,..,..,..,..,..,..,..,..,..,..,..,..,..,..,..,..,..,..,..,..,..,..,..,..,..,..,25.9682354,25.9052309,25.8438602,26.0928008,25.3905401,25.3435942,25.781113,25.7805142,25.8436857,26.0307509,26.218028,25.8436243,25.9060984,26.2175786,26.2181311,26.4064704,26.6560549,26.03064,26.5300028,26.9681696,26.5936363,26.2181977,..
Land Surface Temperature,EN.LND.LTMP.DC,Libya,LBY,..,..,..,..,..,..,..,..,..,..,..,..,..,..,..,..,..,..,..,..,..,..,..,..,..,..,..,..,..,..,..,..,..,..,..,..,..,..,..,..,39.0627854,36.5613273,35.8112502,35.9361914,35.6871722,35.5617751,35.8119654,36.0623158,35.8116245,36.3115224,36.8122404,35.6870544,36.3121075,36.1871344,36.5612193,36.0610511,36.6865098,35.6867903,36.3129151,36.1870899,36.6871142,36.6869548,..
Land Surface Temperature,EN.LND.LTMP.DC,Liechtenstein,LIE,..,..,..,..,..,..,..,..,..,..,..,..,..,..,..,..,..,..,..,..,..,..,..,..,..,..,..,..,..,..,..,..,..,..,..,..,..,..,..,..,16.9207692,13.0033333,14.3335556,14.1792923,13.3045,12.7665217,12.97,14.1798644,12.8351163,13.6083901,12.5907447,14.8717391,13.7288433,13.2600818,15.3908553,14.8347002,15.0601336,14.0950979,15.8709091,14.7215909,14.9682834,13.4146538,..
Land Surface Temperature,EN.LND.LTMP.DC,Lithuania,LTU,..,..,..,..,..,..,..,..,..,..,..,..,..,..,..,..,..,..,..,..,..,..,..,..,..,..,..,..,..,..,..,..,..,..,..,..,..,..,..,..,15.2813887,8.78050635,12.156303,10.2185439,9.46850403,9.9684711,11.155365,11.4061066,12.0939651,10.0935775,8.78118254,10.9682972,9.53084627,10.0934676,11.4063508,12.2182997,11.3439543,11.2183468,13.7811293,13.2180072,12.2815285,9.15664318,..
Land Surface Temperature,EN.LND.LTMP.DC,Luxembourg,LUX,..,..,..,..,..,..,..,..,..,..,..,..,..,..,..,..,..,..,..,..,..,..,..,..,..,..,..,..,..,..,..,..,..,..,..,..,..,..,..,..,16.7787218,12.8261099,14.7207117,15.4208931,13.7041506,13.9855821,14.1402654,15.0766062,14.4066638,14.9061484,15.7847643,15.5315701,13.4101669,14.38971,15.6687577,16.2828237,14.5943115,15.7161091,16.9091626,16.076666,16.1547057,14.5944752,..
Land Surface Temperature,EN.LND.LTMP.DC,Madagascar,MDG,..,..,..,..,..,..,..,..,..,..,..,..,..,..,..,..,..,..,..,..,..,..,..,..,..,..,..,..,..,..,..,..,..,..,..,..,..,..,..,..,31.4380352,31.3133107,30.8124822,30.5621001,30.3119958,30.8123726,31.3129504,30.812807,30.6875458,31.1874232,31.6870908,31.0628611,30.8126356,31.8120401,31.8123704,31.3124512,31.6881732,31.8126074,32.0623768,31.8127931,32.1873565,32.1876854,..
Land Surface Temperature,EN.LND.LTMP.DC,Malawi,MWI,..,..,..,..,..,..,..,..,..,..,..,..,..,..,..,..,..,..,..,..,..,..,..,..,..,..,..,..,..,..,..,..,..,..,..,..,..,..,..,..,29.6880842,31.1881663,30.3117675,30.561271,29.6870605,31.5631349,30.061836,30.3131861,30.8110773,30.3126314,31.0626536,30.6856033,30.8136437,31.5632034,31.4366317,31.8112886,32.0604298,30.938113,31.0625512,30.9394331,31.5614342,31.686427,..
Land Surface Temperature,EN.LND.LTMP.DC,Malaysia,MYS,..,..,..,..,..,..,..,..,..,..,..,..,..,..,..,..,..,..,..,..,..,..,..,..,..,..,..,..,..,..,..,..,..,..,..,..,..,..,..,..,27.8763683,27.6258236,27.5627644,27.4381217,27.4385587,27.6873713,27.4371667,27.5628081,27.4378809,27.9380103,27.9379082,27.5632715,28.0635731,28.063295,28.0631456,28.0620196,28.4382084,27.8124308,28.0626502,28.1876306,28.0623781,27.9384117,..
Land Surface Temperature,EN.LND.LTMP.DC,Maldives,MDV,..,..,..,..,..,..,..,..,..,..,..,..,..,..,..,..,..,..,..,..,..,..,..,..,..,..,..,..,..,..,..,..,..,..,..,..,..,..,..,..,..,..,..,..,..,..,..,..,..,..,..,..,..,..,..,..,..,..,..,..,..,..,..
Land Surface Temperature,EN.LND.LTMP.DC,Mali,MLI,..,..,..,..,..,..,..,..,..,..,..,..,..,..,..,..,..,..,..,..,..,..,..,..,..,..,..,..,..,..,..,..,..,..,..,..,..,..,..,..,40.8126114,39.6871273,38.6873827,38.063248,38.687036,38.1870132,38.4368713,38.6872626,38.1869265,38.687415,38.8125139,38.6874191,37.5616746,39.4377642,38.6872694,37.4362764,38.8119258,38.0622118,38.186884,39.3126275,39.1878327,39.5628172,..
Land Surface Temperature,EN.LND.LTMP.DC,Malta,MLT,..,..,..,..,..,..,..,..,..,..,..,..,..,..,..,..,..,..,..,..,..,..,..,..,..,..,..,..,..,..,..,..,..,..,..,..,..,..,..,..,27.9805828,26.084418,26.1634091,25.2606305,26.1409968,24.955,25.6389267,26.0491061,25.7706522,25.3565895,25.7053494,25.5424638,25.8309295,26.2402222,25.9913043,25.6327008,27.1142154,26.2076792,25.9976087,25.2383891,26.6056522,25.7601736,..
Land Surface Temperature,EN.LND.LTMP.DC,Marshall Islands,MHL,..,..,..,..,..,..,..,..,..,..,..,..,..,..,..,..,..,..,..,..,..,..,..,..,..,..,..,..,..,..,..,..,..,..,..,..,..,..,..,..,..,23.57,25.54,..,..,29.15,28.19,..,..,..,27.87,..,..,..,..,..,27.12,..,29.37,..,..,27.51,..
Land Surface Temperature,EN.LND.LTMP.DC,Mauritania,MRT,..,..,..,..,..,..,..,..,..,..,..,..,..,..,..,..,..,..,..,..,..,..,..,..,..,..,..,..,..,..,..,..,..,..,..,..,..,..,..,..,40.4374996,39.6871594,38.1870425,37.4371825,38.4376719,38.1873282,38.4371761,38.6870311,37.8121757,38.6874898,38.937073,38.5620307,37.4375431,39.1874903,38.8121084,37.562696,39.0623089,38.5624103,37.5622753,38.9373512,38.8124884,38.6870858,..
Land Surface Temperature,EN.LND.LTMP.DC,Mauritius,MUS,..,..,..,..,..,..,..,..,..,..,..,..,..,..,..,..,..,..,..,..,..,..,..,..,..,..,..,..,..,..,..,..,..,..,..,..,..,..,..,..,25.9047717,26.5946377,26.3440965,26.3430571,25.9127302,25.8426457,26.2772988,26.162393,26.212011,26.4139855,26.9076155,27.3446598,26.9126566,27.0879676,26.5939276,26.4073862,26.0219655,26.9664836,26.657709,26.7183391,26.4681827,26.6531725,..
Land Surface Temperature,EN.LND.LTMP.DC,Mexico,MEX,..,..,..,..,..,..,..,..,..,..,..,..,..,..,..,..,..,..,..,..,..,..,..,..,..,..,..,..,..,..,..,..,..,..,..,..,..,..,..,..,33.3748438,31.8753558,31.8744757,31.3749825,30.3750561,31.875755,31.6256727,30.8749279,31.3754149,31.8751494,30.8743587,32.8745093,32.1248205,31.8754284,30.8751242,30.374266,31.6238797,32.12499,31.3753769,31.8746164,32.3748178,31.8751548,..
Land Surface Temperature,EN.LND.LTMP.DC,"Micronesia, Fed. Sts.",FSM,..,..,..,..,..,..,..,..,..,..,..,..,..,..,..,..,..,..,..,..,..,..,..,..,..,..,..,..,..,..,..,..,..,..,..,..,..,..,..,..,25.0793845,25.2015345,25.1417691,25.2348192,25.3350169,25.1723262,24.7940229,25.4797417,24.73674,25.5780626,25.2594029,25.3614845,25.3939795,25.708703,25.6075982,25.4198087,26.0173873,25.4070273,26.0436048,25.2991565,25.4823756,25.4852684,..
Land Surface Temperature,EN.LND.LTMP.DC,Moldova,MDA,..,..,..,..,..,..,..,..,..,..,..,..,..,..,..,..,..,..,..,..,..,..,..,..,..,..,..,..,..,..,..,..,..,..,..,..,..,..,..,..,23.9063284,17.406284,17.9058551,17.4061652,18.2192097,17.1574172,16.3440683,22.1572426,18.5307519,20.5299779,16.5927228,18.9065411,19.781013,18.5931276,19.9693474,20.7806174,18.4682769,18.8438968,19.1567193,20.5945399,21.3444127,18.2822723,..
Land Surface Temperature,EN.LND.LTMP.DC,Monaco,MCO,..,..,..,..,..,..,..,..,..,..,..,..,..,..,..,..,..,..,..,..,..,..,..,..,..,..,..,..,..,..,..,..,..,..,..,..,..,..,..,..,21.0331579,18.7636364,18.8281818,20.475,19.1015556,18.6952174,19.4534783,19.7513333,18.8636364,19.5891304,17.8727273,19.806,19.2634783,18.8872727,19.3717391,19.78,19.216087,19.5352174,18.9877778,19.4473333,19.0630435,18.7630435,..
Land Surface Temperature,EN.LND.LTMP.DC,Mongolia,MNG,..,..,..,..,..,..,..,..,..,..,..,..,..,..,..,..,..,..,..,..,..,..,..,..,..,..,..,..,..,..,..,..,..,..,..,..,..,..,..,..,19.1259471,13.1228652,14.1233324,11.8742845,14.8741505,13.6248453,15.6253575,16.8762172,15.3748788,14.3746406,13.1244475,12.8730253,11.8733332,12.3748537,15.3745911,15.3766732,13.1247057,15.3746119,14.8743519,15.8755473,13.6247127,13.8746771,..
Land Surface Temperature,EN.LND.LTMP.DC,Montenegro,MNE,..,..,..,..,..,..,..,..,..,..,..,..,..,..,..,..,..,..,..,..,..,..,..,..,..,..,..,..,..,..,..,..,..,..,..,..,..,..,..,..,17.4369278,14.3169107,14.5644144,14.683191,13.564181,12.1943079,13.4360198,15.4425064,15.1870541,14.4400854,13.8115019,14.5648648,14.5640387,14.6927909,15.5619809,15.0631902,14.5663089,15.3106093,14.8122753,15.0555011,15.5632202,14.9396151,..
Land Surface Temperature,EN.LND.LTMP.DC,Morocco,MAR,..,..,..,..,..,..,..,..,..,..,..,..,..,..,..,..,..,..,..,..,..,..,..,..,..,..,..,..,..,..,..,..,..,..,..,..,..,..,..,..,34.8736456,31.8746702,31.1239828,30.6252551,30.6231332,31.6232739,30.6246023,31.6253939,30.3762004,31.3743256,30.6229853,30.6254724,31.3733983,31.6256188,31.3748906,31.3754477,32.3753004,32.3750792,29.3750278,32.1258943,32.6254196,31.6240698,..
Land Surface Temperature,EN.LND.LTMP.DC,Mozambique,MOZ,..,..,..,..,..,..,..,..,..,..,..,..,..,..,..,..,..,..,..,..,..,..,..,..,..,..,..,..,..,..,..,..,..,..,..,..,..,..,..,..,29.5623045,30.9375196,30.9378802,31.187504,30.1874728,32.4374377,30.6875151,31.0623674,31.6879973,30.9376163,31.5622968,30.9373955,31.8122313,31.562706,31.4371443,32.4369815,32.6872896,30.9376353,31.5627623,31.4379671,32.1875845,31.5621568,..
Land Surface Temperature,EN.LND.LTMP.DC,Myanmar,MMR,..,..,..,..,..,..,..,..,..,..,..,..,..,..,..,..,..,..,..,..,..,..,..,..,..,..,..,..,..,..,..,..,..,..,..,..,..,..,..,..,26.8739195,26.3725109,26.6234025,26.3741533,26.6233085,27.1246115,26.3737512,26.3740582,26.1239313,26.8755856,27.3741951,26.3744892,27.1238634,27.1246044,27.3747246,27.1236646,27.3743605,26.8734819,26.6229443,27.6238607,27.8733694,27.3737596,..
Land Surface Temperature,EN.LND.LTMP.DC,Namibia,NAM,..,..,..,..,..,..,..,..,..,..,..,..,..,..,..,..,..,..,..,..,..,..,..,..,..,..,..,..,..,..,..,..,..,..,..,..,..,..,..,..,34.8719791,36.6242333,36.3741067,36.624073,35.6252343,36.1232559,33.312616,36.6234382,34.562155,34.8748172,35.3767005,33.3761323,35.1247369,36.8738072,35.1881775,37.3741998,37.1239677,35.8125673,36.5622529,37.8751092,35.8122775,34.9369527,..
Land Surface Temperature,EN.LND.LTMP.DC,Nauru,NRU,..,..,..,..,..,..,..,..,..,..,..,..,..,..,..,..,..,..,..,..,..,..,..,..,..,..,..,..,..,..,..,..,..,..,..,..,..,..,..,..,31.2794118,30.2822581,28.5375,29.3925,28.6548649,29.1355,29.0335294,29.5685,31.0940909,30.0631429,29.7187179,29.6022727,29.118,29.9214286,29.3014286,28.394375,29.7582051,30.4867442,29.8147619,29.18375,30.6192683,30.3784444,..
Land Surface Temperature,EN.LND.LTMP.DC,Nepal,NPL,..,..,..,..,..,..,..,..,..,..,..,..,..,..,..,..,..,..,..,..,..,..,..,..,..,..,..,..,..,..,..,..,..,..,..,..,..,..,..,..,23.8765649,23.1258168,22.1258337,22.1255199,22.3771433,22.8753271,23.1253711,22.1276875,22.6282014,23.3758053,23.3747327,22.3778223,22.6275078,22.1282126,22.6276953,22.3755335,23.1253409,22.8753231,22.3777366,21.8786089,21.3757027,22.1270492,..
Land Surface Temperature,EN.LND.LTMP.DC,Netherlands,NLD,..,..,..,..,..,..,..,..,..,..,..,..,..,..,..,..,..,..,..,..,..,..,..,..,..,..,..,..,..,..,..,..,..,..,..,..,..,..,..,..,15.780992,13.4058104,14.4057575,15.3437708,13.9056751,14.1565702,14.9069703,14.7810482,14.2812933,15.1562443,13.1562048,14.5935357,13.530569,14.4685882,15.5938967,14.6551477,14.6219753,14.7803738,16.467841,15.5930908,16.4072227,14.4053112,..
Land Surface Temperature,EN.LND.LTMP.DC,New Zealand,NZL,..,..,..,..,..,..,..,..,..,..,..,..,..,..,..,..,..,..,..,..,..,..,..,..,..,..,..,..,..,..,..,..,..,..,..,..,..,..,..,..,13.3116294,14.1852296,13.4362612,13.9370693,12.6874592,13.9342124,13.1871698,14.0620612,14.1861207,13.5605136,14.0610314,13.8118466,13.4364133,14.5624256,13.9373474,14.1862663,14.3099124,14.3119328,14.4374873,14.3119046,14.4358673,14.4384611,..
Land Surface Temperature,EN.LND.LTMP.DC,Nicaragua,NIC,..,..,..,..,..,..,..,..,..,..,..,..,..,..,..,..,..,..,..,..,..,..,..,..,..,..,..,..,..,..,..,..,..,..,..,..,..,..,..,..,27.4371565,27.4369169,27.062426,27.8117025,26.8121723,28.3121142,27.1865863,27.6878585,27.5630147,27.5622857,28.5624963,27.9380027,27.3127385,27.9381807,27.6878701,27.6874495,28.6876752,27.6864397,27.5625974,28.1866026,28.3119242,27.4382818,..
Land Surface Temperature,EN.LND.LTMP.DC,Niger,NER,..,..,..,..,..,..,..,..,..,..,..,..,..,..,..,..,..,..,..,..,..,..,..,..,..,..,..,..,..,..,..,..,..,..,..,..,..,..,..,..,41.6879479,39.1868921,38.8120071,38.4370071,38.8123545,38.0619588,38.8116068,38.1873655,38.6874284,39.3114764,39.4367466,38.6861336,38.4375847,39.8123825,39.1872352,38.1878097,38.9372124,37.9376226,39.1871335,38.8122905,39.3122554,39.9366333,..
Land Surface Temperature,EN.LND.LTMP.DC,Nigeria,NGA,..,..,..,..,..,..,..,..,..,..,..,..,..,..,..,..,..,..,..,..,..,..,..,..,..,..,..,..,..,..,..,..,..,..,..,..,..,..,..,..,33.9368435,34.5629715,33.1873576,33.6875716,32.5623979,33.3117616,33.4374877,33.1875399,33.5621175,33.4373877,33.5621364,33.8123553,33.3120551,34.4371157,34.0627893,33.9368835,34.0620705,33.9375734,33.8119449,34.3127069,34.3121679,35.1876053,..
Land Surface Temperature,EN.LND.LTMP.DC,North Macedonia,MKD,..,..,..,..,..,..,..,..,..,..,..,..,..,..,..,..,..,..,..,..,..,..,..,..,..,..,..,..,..,..,..,..,..,..,..,..,..,..,..,..,22.6848464,19.1865417,17.9393295,18.8117928,17.4377676,16.8124124,17.5645952,19.4379422,19.0628422,17.9358468,17.5600498,18.5606284,18.3164055,19.0644591,18.5608863,18.5667507,17.814245,19.5585324,18.8152689,19.1901273,18.8126364,18.4383114,..
Land Surface Temperature,EN.LND.LTMP.DC,Norway,NOR,..,..,..,..,..,..,..,..,..,..,..,..,..,..,..,..,..,..,..,..,..,..,..,..,..,..,..,..,..,..,..,..,..,..,..,..,..,..,..,..,1.3120313,-2.4379039,-0.6265834,0.12467477,0.37431965,-0.6862289,0.06274721,-0.5632454,-0.563618,-0.4377017,-1.8133625,0.56218741,-1.812244,0.18743901,0.37066713,0.18745369,0.6874845,-1.0629449,0.31279181,-0.6264288,-0.1253483,-0.4378843,..
Land Surface Temperature,EN.LND.LTMP.DC,Oman,OMN,..,..,..,..,..,..,..,..,..,..,..,..,..,..,..,..,..,..,..,..,..,..,..,..,..,..,..,..,..,..,..,..,..,..,..,..,..,..,..,..,45.5611023,43.0628217,42.937902,42.3123586,42.5627479,42.5632473,42.312373,42.3124473,41.6870736,42.4367872,43.0629741,41.937911,42.0620426,42.3120895,42.56406,42.936672,43.0629533,43.1881697,42.6888909,42.8142753,43.0623964,43.1890584,..
Land Surface Temperature,EN.LND.LTMP.DC,Pakistan,PAK,..,..,..,..,..,..,..,..,..,..,..,..,..,..,..,..,..,..,..,..,..,..,..,..,..,..,..,..,..,..,..,..,..,..,..,..,..,..,..,..,36.2469559,33.7473312,33.7468403,32.2444234,33.2453904,32.2460589,32.7470113,32.2459014,32.2457677,32.7450872,32.7469037,32.2453282,31.74635,32.2431184,32.2465147,32.2452719,33.2453383,32.7439958,33.2480803,31.7439297,31.7495418,32.747228,..
Land Surface Temperature,EN.LND.LTMP.DC,Palau,PLW,..,..,..,..,..,..,..,..,..,..,..,..,..,..,..,..,..,..,..,..,..,..,..,..,..,..,..,..,..,..,..,..,..,..,..,..,..,..,..,..,25.8693367,26.0391844,25.7728406,25.8339704,26.3198752,25.823289,25.8803393,26.2571629,26.2428883,26.0116234,26.3217764,26.0124096,25.7728112,26.0706881,26.2558552,26.4116239,26.6797266,26.3341338,26.537368,26.4472313,26.75251,26.5250771,..
Land Surface Temperature,EN.LND.LTMP.DC,Panama,PAN,..,..,..,..,..,..,..,..,..,..,..,..,..,..,..,..,..,..,..,..,..,..,..,..,..,..,..,..,..,..,..,..,..,..,..,..,..,..,..,..,26.9348576,27.4350487,27.1874852,27.5630642,27.1858386,27.3106934,27.1866296,27.3119534,27.1868869,27.1859642,27.3734087,27.0611984,27.1846827,27.3124388,27.31203,27.6854541,27.9369672,27.5627868,27.5622635,27.8105023,27.6868404,27.1853772,..
Land Surface Temperature,EN.LND.LTMP.DC,Papua New Guinea,PNG,..,..,..,..,..,..,..,..,..,..,..,..,..,..,..,..,..,..,..,..,..,..,..,..,..,..,..,..,..,..,..,..,..,..,..,..,..,..,..,..,26.0628511,26.437927,26.1880834,26.1885954,26.3130221,26.0628437,26.1882212,26.062974,26.0626734,26.3135829,26.4375543,26.377688,26.3135055,26.3126892,26.5636472,26.6885399,26.4380874,26.5627542,26.6883927,26.3125105,26.5635884,26.5634996,..
Land Surface Temperature,EN.LND.LTMP.DC,Paraguay,PRY,..,..,..,..,..,..,..,..,..,..,..,..,..,..,..,..,..,..,..,..,..,..,..,..,..,..,..,..,..,..,..,..,..,..,..,..,..,..,..,..,28.0310312,29.4062545,30.2814767,29.4377025,29.0629721,29.3434441,29.2185501,29.5313193,29.2812895,29.9373788,29.3120516,29.2811256,29.4061313,29.8128673,28.7811523,28.9363895,28.280862,29.7188078,28.3437014,29.8436814,31.1871914,30.6882972,..
Land Surface Temperature,EN.LND.LTMP.DC,Peru,PER,..,..,..,..,..,..,..,..,..,..,..,..,..,..,..,..,..,..,..,..,..,..,..,..,..,..,..,..,..,..,..,..,..,..,..,..,..,..,..,..,26.3761104,26.8766037,26.6259367,26.6277005,26.6278989,27.1303183,26.6275715,26.6249806,26.8781765,26.8776256,27.3762962,26.6251942,26.8762981,26.8749974,27.1294274,27.3783486,27.6305629,26.8736018,26.8749194,27.1274364,27.3748917,26.8735117,..
Land Surface Temperature,EN.LND.LTMP.DC,Philippines,PHL,..,..,..,..,..,..,..,..,..,..,..,..,..,..,..,..,..,..,..,..,..,..,..,..,..,..,..,..,..,..,..,..,..,..,..,..,..,..,..,..,27.8117447,27.8123091,28.0623123,28.1871678,27.9373681,28.1877028,27.8124662,28.3124945,27.5622019,27.6874647,28.686818,27.5626325,27.9366781,28.0617676,28.1877194,28.4377471,28.8115205,27.8136732,28.187219,28.687138,28.4372098,27.8117087,..
Land Surface Temperature,EN.LND.LTMP.DC,Poland,POL,..,..,..,..,..,..,..,..,..,..,..,..,..,..,..,..,..,..,..,..,..,..,..,..,..,..,..,..,..,..,..,..,..,..,..,..,..,..,..,..,16.9377284,11.312396,13.562637,12.6869676,12.4379568,13.4371563,12.4374828,14.4371939,14.1877362,13.062307,10.9375293,13.5621676,12.9375539,13.3125298,14.4375554,14.9376174,14.0624543,13.4373004,15.937271,15.4372945,14.4378079,12.6880541,..
Land Surface Temperature,EN.LND.LTMP.DC,Portugal,PRT,..,..,..,..,..,..,..,..,..,..,..,..,..,..,..,..,..,..,..,..,..,..,..,..,..,..,..,..,..,..,..,..,..,..,..,..,..,..,..,..,24.6873662,21.811228,22.7185913,23.0618939,23.3106571,24.1881629,23.3135309,22.7177548,22.2794805,23.6861426,22.3132271,23.3126288,23.1860755,22.8121339,22.5618859,23.8118584,22.8127682,24.8121469,22.906568,23.4364716,23.1869046,22.8125554,..
Land Surface Temperature,EN.LND.LTMP.DC,Qatar,QAT,..,..,..,..,..,..,..,..,..,..,..,..,..,..,..,..,..,..,..,..,..,..,..,..,..,..,..,..,..,..,..,..,..,..,..,..,..,..,..,..,41.4671979,39.655516,39.6568613,37.9058506,38.343872,37.7799154,37.969218,38.281989,37.7820135,37.1561616,38.9044337,37.4059771,38.1573869,37.8439825,38.8445723,38.7184735,38.8429861,39.2184491,39.2813717,39.3439884,39.4688118,40.406681,..
Land Surface Temperature,EN.LND.LTMP.DC,Romania,ROU,..,..,..,..,..,..,..,..,..,..,..,..,..,..,..,..,..,..,..,..,..,..,..,..,..,..,..,..,..,..,..,..,..,..,..,..,..,..,..,..,22.3131141,16.3126252,17.1877401,16.9377758,16.3132564,15.0627731,15.3111764,18.5621399,16.6879545,18.0631779,15.4377386,17.1876064,17.9377177,17.5633163,18.6876707,18.4383631,17.0629686,17.9372762,18.0621963,18.8120269,18.1848245,17.4377448,..
Land Surface Temperature,EN.LND.LTMP.DC,Rwanda,RWA,..,..,..,..,..,..,..,..,..,..,..,..,..,..,..,..,..,..,..,..,..,..,..,..,..,..,..,..,..,..,..,..,..,..,..,..,..,..,..,..,28.5615305,26.0622401,26.9360102,27.5626598,27.3107287,27.066395,27.9366253,26.6852321,26.5632299,26.8156644,27.4362112,26.0591614,26.5614258,27.5682692,26.8114223,27.3095088,28.1892702,27.9346647,26.815385,26.8094935,26.9402646,26.9385388,..
Land Surface Temperature,EN.LND.LTMP.DC,Samoa,WSM,..,..,..,..,..,..,..,..,..,..,..,..,..,..,..,..,..,..,..,..,..,..,..,..,..,..,..,..,..,..,..,..,..,..,..,..,..,..,..,..,24.9396247,25.0725615,25.567665,25.3122198,25.6859215,25.3094683,24.8157014,25.2214603,24.9406451,25.0574303,25.6851692,25.4418041,25.6889236,25.3147413,25.3449135,25.186954,25.4394878,25.8208667,25.8099458,25.8116548,25.8174498,25.6885721,..
Land Surface Temperature,EN.LND.LTMP.DC,San Marino,SMR,..,..,..,..,..,..,..,..,..,..,..,..,..,..,..,..,..,..,..,..,..,..,..,..,..,..,..,..,..,..,..,..,..,..,..,..,..,..,..,..,22.8251459,19.9593995,19.2319847,21.2951163,19.4738183,17.8011111,19.6457637,21.8257383,19.8954075,20.0928571,17.3272727,20.1989922,19.8873563,19.8277113,19.5797674,20.1376843,19.1654694,21.6154545,20.1397093,20.3718182,20.4055556,20.6355733,..
Land Surface Temperature,EN.LND.LTMP.DC,Sao Tome and Principe,STP,..,..,..,..,..,..,..,..,..,..,..,..,..,..,..,..,..,..,..,..,..,..,..,..,..,..,..,..,..,..,..,..,..,..,..,..,..,..,..,..,24.9696753,24.3396357,25.1542882,24.9622999,24.4629185,24.5985949,24.7246872,24.6573787,24.6565307,24.53891,24.7748744,24.5915426,24.404736,25.2216922,24.9729247,24.842618,25.4103748,24.7814661,25.0915968,25.5942791,25.7793901,25.5905743,..
Land Surface Temperature,EN.LND.LTMP.DC,Saudi Arabia,SAU,..,..,..,..,..,..,..,..,..,..,..,..,..,..,..,..,..,..,..,..,..,..,..,..,..,..,..,..,..,..,..,..,..,..,..,..,..,..,..,..,43.3125732,41.0623976,40.6888359,40.0635778,40.1877813,39.9387299,39.5620307,39.8123963,39.4385628,39.5622523,40.4373035,39.4379896,39.5630358,39.4373881,40.4372397,40.0617484,40.6881501,40.5624614,40.0629206,40.5632107,40.8127803,41.3134485,..
Land Surface Temperature,EN.LND.LTMP.DC,Senegal,SEN,..,..,..,..,..,..,..,..,..,..,..,..,..,..,..,..,..,..,..,..,..,..,..,..,..,..,..,..,..,..,..,..,..,..,..,..,..,..,..,..,37.1892746,38.5635871,37.9386811,36.0638776,36.6870609,36.3442906,36.9375101,37.5632561,36.4384886,37.0640836,36.3136864,36.9387513,35.7184295,37.6886933,37.6884104,35.9066607,37.3132276,36.8134763,37.3142474,38.1891634,36.9379879,37.4383355,..
Land Surface Temperature,EN.LND.LTMP.DC,Serbia,SRB,..,..,..,..,..,..,..,..,..,..,..,..,..,..,..,..,..,..,..,..,..,..,..,..,..,..,..,..,..,..,..,..,..,..,..,..,..,..,..,..,23.1868894,17.5622229,18.0648179,18.4369996,17.2803023,15.9383189,17.1868227,19.4375042,18.5604474,18.4383687,17.0623806,18.3419208,19.0612269,18.8131124,18.5943209,19.0641734,17.5635085,19.1874444,18.9393493,19.5626875,18.6868027,19.0637254,..
Land Surface Temperature,EN.LND.LTMP.DC,Seychelles,SYC,..,..,..,..,..,..,..,..,..,..,..,..,..,..,..,..,..,..,..,..,..,..,..,..,..,..,..,..,..,..,..,..,..,..,..,..,..,..,..,..,25.3067735,26.1372173,25.5422753,25.8896102,25.7718687,25.5118095,25.6722071,25.611756,25.8286691,26.1726973,25.9094838,25.6095961,25.9815619,26.2888367,25.8557609,26.2724656,25.9558809,26.1672515,26.0415266,26.296093,26.1090128,26.2996898,..
Land Surface Temperature,EN.LND.LTMP.DC,Sierra Leone,SLE,..,..,..,..,..,..,..,..,..,..,..,..,..,..,..,..,..,..,..,..,..,..,..,..,..,..,..,..,..,..,..,..,..,..,..,..,..,..,..,..,27.1560471,27.593411,27.2811593,27.8438325,27.2181726,26.6556397,27.6562971,27.8440002,27.3441734,28.3435288,27.7813315,27.4679941,27.5929715,28.4058431,28.3430003,28.0308563,29.0318188,27.8432926,28.2188177,29.0304801,28.5923224,28.2192086,..
Land Surface Temperature,EN.LND.LTMP.DC,Singapore,SGP,..,..,..,..,..,..,..,..,..,..,..,..,..,..,..,..,..,..,..,..,..,..,..,..,..,..,..,..,..,..,..,..,..,..,..,..,..,..,..,..,33.5987814,32.9830747,32.7668827,32.466792,32.7736095,32.9703658,32.4921921,32.6643114,32.5385957,33.6618525,33.0257744,32.5370217,32.7121622,32.962611,33.7829942,33.336152,33.6073138,33.2092875,34.0851399,34.461925,33.9058549,33.528687,..
Land Surface Temperature,EN.LND.LTMP.DC,Slovak Republic,SVK,..,..,..,..,..,..,..,..,..,..,..,..,..,..,..,..,..,..,..,..,..,..,..,..,..,..,..,..,..,..,..,..,..,..,..,..,..,..,..,..,17.9413258,11.4383746,14.0627866,13.4363697,12.6852179,12.3104163,12.6885075,15.4365547,13.9362855,14.3131186,12.3106891,14.3118935,14.0632875,14.3145531,15.188489,15.0626392,14.811345,13.5638877,15.0618751,15.0627109,14.3126785,13.9377392,..
Land Surface Temperature,EN.LND.LTMP.DC,Slovenia,SVN,..,..,..,..,..,..,..,..,..,..,..,..,..,..,..,..,..,..,..,..,..,..,..,..,..,..,..,..,..,..,..,..,..,..,..,..,..,..,..,..,18.0596713,13.5609088,15.0607734,14.6870549,13.4361384,12.8113755,14.0639423,15.8115697,14.9364249,14.6875322,12.9377313,15.4395134,14.6891223,15.1862852,15.8129088,15.6858457,14.6864003,15.0642345,15.5617236,15.436964,15.4358819,14.8096989,..
Land Surface Temperature,EN.LND.LTMP.DC,Solomon Islands,SLB,..,..,..,..,..,..,..,..,..,..,..,..,..,..,..,..,..,..,..,..,..,..,..,..,..,..,..,..,..,..,..,..,..,..,..,..,..,..,..,..,25.1867381,25.5939409,25.0610781,25.156665,24.937185,25.3136778,24.9704863,25.2799682,25.3428522,25.2177577,25.5318784,25.7813801,25.4361427,25.779461,25.4370825,25.8129564,26.0630908,25.9368785,26.0630377,25.6895639,26.0620815,26.0624587,..
Land Surface Temperature,EN.LND.LTMP.DC,Somalia,SOM,..,..,..,..,..,..,..,..,..,..,..,..,..,..,..,..,..,..,..,..,..,..,..,..,..,..,..,..,..,..,..,..,..,..,..,..,..,..,..,..,38.6877137,38.6875112,37.8129397,38.187681,37.5631514,37.5630648,37.3123421,37.9371281,38.063008,38.3128677,38.3133093,38.1873466,37.6876861,37.3126374,38.3132133,38.0628203,38.8131207,38.9378839,37.6876282,38.4381008,37.9379898,38.6880967,..
Land Surface Temperature,EN.LND.LTMP.DC,South Africa,ZAF,..,..,..,..,..,..,..,..,..,..,..,..,..,..,..,..,..,..,..,..,..,..,..,..,..,..,..,..,..,..,..,..,..,..,..,..,..,..,..,..,27.8747674,29.3735261,29.3735793,30.8740258,29.6238384,30.1241394,28.1243701,29.8751582,29.3751192,28.8748941,29.6246025,28.1236526,29.3749284,30.1251319,29.6247609,31.3751466,31.1245202,30.1235499,30.3751191,31.3736206,29.6236596,28.6246555,..
Land Surface Temperature,EN.LND.LTMP.DC,South Sudan,SSD,..,..,..,..,..,..,..,..,..,..,..,..,..,..,..,..,..,..,..,..,..,..,..,..,..,..,..,..,..,..,..,..,..,..,..,..,..,..,..,..,35.6254959,35.4380889,35.4376923,35.8133921,35.5633702,35.6875148,34.8122967,34.5633651,34.062153,35.1264375,35.6880171,35.0628425,34.1876629,34.4373525,33.93767,33.6877416,35.1254318,35.0620289,34.5624042,35.0631844,33.6876759,33.8120924,..
Land Surface Temperature,EN.LND.LTMP.DC,Spain,ESP,..,..,..,..,..,..,..,..,..,..,..,..,..,..,..,..,..,..,..,..,..,..,..,..,..,..,..,..,..,..,..,..,..,..,..,..,..,..,..,..,25.1228926,22.1242356,22.8764682,22.623956,22.1245964,23.3751883,22.872269,21.8723926,21.3715457,23.8737598,21.3742635,23.375371,23.6256642,21.8739104,23.1255357,23.6240358,23.1240409,24.3750553,22.1242536,23.8759295,22.8744121,22.3735988,..
Land Surface Temperature,EN.LND.LTMP.DC,Sri Lanka,LKA,..,..,..,..,..,..,..,..,..,..,..,..,..,..,..,..,..,..,..,..,..,..,..,..,..,..,..,..,..,..,..,..,..,..,..,..,..,..,..,..,30.3129681,30.0629608,30.0632276,29.5626075,30.1880041,29.9381468,29.8126621,29.9378525,29.4379894,30.1868988,30.1866478,29.9367092,30.563757,29.8122304,30.6873576,29.5615913,30.6879203,30.4378643,30.1871765,30.5613336,30.6875471,29.685627,..
Land Surface Temperature,EN.LND.LTMP.DC,St. Kitts and Nevis,KNA,..,..,..,..,..,..,..,..,..,..,..,..,..,..,..,..,..,..,..,..,..,..,..,..,..,..,..,..,..,..,..,..,..,..,..,..,..,..,..,..,26.7184837,27.536921,27.5819758,27.7108726,26.4619591,26.26902,25.9727816,26.9735011,26.6644077,26.9688222,26.6632567,26.3392897,26.2816611,26.2969975,27.2050537,27.3931638,27.090227,26.5439941,26.8287992,27.4069678,26.9694282,27.1562871,..
Land Surface Temperature,EN.LND.LTMP.DC,St. Lucia,LCA,..,..,..,..,..,..,..,..,..,..,..,..,..,..,..,..,..,..,..,..,..,..,..,..,..,..,..,..,..,..,..,..,..,..,..,..,..,..,..,..,25.0922136,26.0275267,25.4629457,26.0341351,25.4075135,26.0372999,25.4721001,25.5283322,25.6635059,25.4069037,26.2775418,25.4512738,25.6507739,25.8557261,26.1393538,26.2844205,25.7959903,25.7265254,25.5939929,26.0242481,26.4072601,25.8500823,..
Land Surface Temperature,EN.LND.LTMP.DC,St. Vincent and the Grenadines,VCT,..,..,..,..,..,..,..,..,..,..,..,..,..,..,..,..,..,..,..,..,..,..,..,..,..,..,..,..,..,..,..,..,..,..,..,..,..,..,..,..,24.0293937,24.8304089,24.3845862,24.7244038,24.3570872,24.9585028,24.5389214,24.660443,24.3347074,24.3457018,25.2095537,24.5416924,24.7011228,24.6037688,24.7793549,24.7275917,24.9137414,24.7888262,24.5904024,24.895019,25.2802306,24.9572252,..
Land Surface Temperature,EN.LND.LTMP.DC,Sudan,SDN,..,..,..,..,..,..,..,..,..,..,..,..,..,..,..,..,..,..,..,..,..,..,..,..,..,..,..,..,..,..,..,..,..,..,..,..,..,..,..,..,41.812107,40.4372399,40.0621099,39.9370778,40.0617159,39.6868301,39.6866249,39.6872085,39.8120197,40.436853,40.5622934,39.8120434,39.1867128,40.8120323,40.0623323,39.9372791,39.9367984,39.5619772,39.6870377,40.1867348,40.3120529,40.1868374,..
Land Surface Temperature,EN.LND.LTMP.DC,Suriname,SUR,..,..,..,..,..,..,..,..,..,..,..,..,..,..,..,..,..,..,..,..,..,..,..,..,..,..,..,..,..,..,..,..,..,..,..,..,..,..,..,..,25.8434047,25.9061978,26.1563691,26.0308731,26.2808367,26.1556939,25.968618,25.8434714,26.2186322,26.4063997,26.4060677,26.2811475,26.5310442,26.0310407,26.3432735,26.5316475,26.843882,26.4059394,26.1557266,26.5309535,26.59374,26.1560823,..
Land Surface Temperature,EN.LND.LTMP.DC,Sweden,SWE,..,..,..,..,..,..,..,..,..,..,..,..,..,..,..,..,..,..,..,..,..,..,..,..,..,..,..,..,..,..,..,..,..,..,..,..,..,..,..,..,5.93679371,1.18806993,3.43745259,3.43726998,3.56186672,3.31174147,4.43754175,3.81222656,3.43653746,2.68691714,0.6875357,4.18719849,1.93787796,4.06238124,5.06280713,4.18702063,3.68755091,2.68743078,3.81266441,3.06208507,4.93753831,2.93792374,..
Land Surface Temperature,EN.LND.LTMP.DC,Switzerland,CHE,..,..,..,..,..,..,..,..,..,..,..,..,..,..,..,..,..,..,..,..,..,..,..,..,..,..,..,..,..,..,..,..,..,..,..,..,..,..,..,..,13.3753952,9.93587339,11.9396127,12.0621628,10.9359106,10.4376312,11.0640674,11.8151627,10.3076739,10.6229902,9.56325847,12.6881797,11.0644867,10.8155064,12.1859893,12.6858763,12.4378562,12.0613888,12.6893841,11.9369179,12.9370209,11.0630417,..
Land Surface Temperature,EN.LND.LTMP.DC,Syrian Arab Republic,SYR,..,..,..,..,..,..,..,..,..,..,..,..,..,..,..,..,..,..,..,..,..,..,..,..,..,..,..,..,..,..,..,..,..,..,..,..,..,..,..,..,36.562889,32.9393693,32.938076,32.6881859,32.8133077,32.4382584,32.1872648,32.1872169,32.6876565,32.6867109,34.0624776,31.6879708,32.8128054,32.437933,33.3129346,32.6877447,33.9376448,33.6866039,33.0630895,32.5624715,33.938596,35.6878318,..
Land Surface Temperature,EN.LND.LTMP.DC,Tajikistan,TJK,..,..,..,..,..,..,..,..,..,..,..,..,..,..,..,..,..,..,..,..,..,..,..,..,..,..,..,..,..,..,..,..,..,..,..,..,..,..,..,..,15.6244601,12.3744245,11.8751264,11.1239725,10.8732486,9.87410366,11.8739617,12.8775486,12.8772289,9.8752466,11.3724399,12.3718776,9.62442013,12.8742877,12.1241605,12.1244855,12.6228988,11.6240951,12.6276285,11.1203745,11.1249145,11.8751279,..
Land Surface Temperature,EN.LND.LTMP.DC,Tanzania,TZA,..,..,..,..,..,..,..,..,..,..,..,..,..,..,..,..,..,..,..,..,..,..,..,..,..,..,..,..,..,..,..,..,..,..,..,..,..,..,..,..,32.1255501,30.8753563,30.1248754,31.875345,31.1250287,32.1256436,30.8748887,30.6246266,30.3764015,31.3757601,31.6256598,31.1253961,31.3750896,31.6254061,30.8747119,31.3745071,31.6246375,31.6247014,30.8750299,31.3744515,30.124686,31.125632,..
Land Surface Temperature,EN.LND.LTMP.DC,Thailand,THA,..,..,..,..,..,..,..,..,..,..,..,..,..,..,..,..,..,..,..,..,..,..,..,..,..,..,..,..,..,..,..,..,..,..,..,..,..,..,..,..,30.437533,30.4370756,30.8115811,30.6871968,31.062433,31.1871426,30.6873431,30.6868872,30.0622779,30.4378937,31.3126042,29.5620615,30.8122102,30.6870829,30.6867512,31.3124577,31.5630926,30.4371579,30.4383369,31.6871818,31.8124094,30.5628594,..
Land Surface Temperature,EN.LND.LTMP.DC,Timor-Leste,TLS,..,..,..,..,..,..,..,..,..,..,..,..,..,..,..,..,..,..,..,..,..,..,..,..,..,..,..,..,..,..,..,..,..,..,..,..,..,..,..,..,28.9362256,28.9371904,30.1884894,28.9361816,29.8119076,29.6852533,29.6860149,28.9380372,29.5625265,30.3172824,27.8123802,28.6852689,29.3124802,28.6916829,29.5619309,29.9388531,28.8133808,28.8112389,29.8105449,30.1875677,29.5620354,28.6878595,..
Land Surface Temperature,EN.LND.LTMP.DC,Togo,TGO,..,..,..,..,..,..,..,..,..,..,..,..,..,..,..,..,..,..,..,..,..,..,..,..,..,..,..,..,..,..,..,..,..,..,..,..,..,..,..,..,32.5926565,33.8125961,31.8435723,32.0311383,30.9688061,31.8444594,32.4057529,32.0310002,31.8437047,31.9687739,31.8430436,31.9684837,31.5313713,32.656278,32.5938034,32.279728,32.906091,32.9063788,32.3432016,33.5929746,33.2812468,33.2183278,..
Land Surface Temperature,EN.LND.LTMP.DC,Tonga,TON,..,..,..,..,..,..,..,..,..,..,..,..,..,..,..,..,..,..,..,..,..,..,..,..,..,..,..,..,..,..,..,..,..,..,..,..,..,..,..,..,24.5321333,24.9105782,25.0333177,25.0195383,25.2096474,24.8468424,24.8406241,24.4742854,24.2235362,24.4017416,24.8398658,24.8128989,24.7181418,25.0305014,24.9510697,25.0902295,25.6530634,25.163483,25.0204418,24.9444585,25.1024072,25.2053392,..
Land Surface Temperature,EN.LND.LTMP.DC,Trinidad and Tobago,TTO,..,..,..,..,..,..,..,..,..,..,..,..,..,..,..,..,..,..,..,..,..,..,..,..,..,..,..,..,..,..,..,..,..,..,..,..,..,..,..,..,25.9711615,26.716342,26.0324066,26.9672618,26.2193435,26.9044469,26.46921,26.8424756,26.4071902,26.2145372,27.2189004,26.3418563,26.5306097,26.7174054,26.4672233,26.8393152,27.2151098,26.8460495,26.4684389,27.3433619,27.219841,26.531354,..
Land Surface Temperature,EN.LND.LTMP.DC,Tunisia,TUN,..,..,..,..,..,..,..,..,..,..,..,..,..,..,..,..,..,..,..,..,..,..,..,..,..,..,..,..,..,..,..,..,..,..,..,..,..,..,..,..,36.0630268,32.6883881,31.9386653,31.9379468,32.1873193,31.939282,32.4397188,32.6883516,32.688756,32.5638514,32.4367097,32.3126139,33.3136984,32.9382344,32.6893159,32.6877135,32.9385429,32.1877104,32.3124231,32.9375228,33.0632351,32.8112484,..
Land Surface Temperature,EN.LND.LTMP.DC,Turkiye,TUR,..,..,..,..,..,..,..,..,..,..,..,..,..,..,..,..,..,..,..,..,..,..,..,..,..,..,..,..,..,..,..,..,..,..,..,..,..,..,..,..,25.1255006,22.3755305,20.8757285,21.8757341,21.1255886,21.125009,20.8758532,22.1262397,21.1257657,21.6248293,22.8740693,19.8757134,20.8749708,21.8753928,22.6254083,21.1250853,21.8750654,21.3760573,22.3743029,22.1243817,22.6247801,22.3745715,..
Land Surface Temperature,EN.LND.LTMP.DC,Turkmenistan,TKM,..,..,..,..,..,..,..,..,..,..,..,..,..,..,..,..,..,..,..,..,..,..,..,..,..,..,..,..,..,..,..,..,..,..,..,..,..,..,..,..,37.9382258,31.6869797,32.5620993,31.6875385,32.6867011,33.0623401,33.062334,32.6877147,31.9377159,31.9376203,33.3738641,31.9372411,32.1877093,32.8126963,32.1873513,32.437317,33.1873749,33.0632426,33.5623372,32.5623452,32.4371198,33.0627419,..
Land Surface Temperature,EN.LND.LTMP.DC,Tuvalu,TUV,..,..,..,..,..,..,..,..,..,..,..,..,..,..,..,..,..,..,..,..,..,..,..,..,..,..,..,..,..,..,..,..,..,..,..,..,..,..,..,..,29.1642857,28.72375,28.2157143,27.7433333,28.5354545,29.0915385,27.8207692,28.7966667,28.193,27.8457143,28.6575,29.0166667,29.6744444,28.63,28.92875,29.2,29.3354545,29.55,28.7683333,28.54,28.78,28.9238462,..
Land Surface Temperature,EN.LND.LTMP.DC,Uganda,UGA,..,..,..,..,..,..,..,..,..,..,..,..,..,..,..,..,..,..,..,..,..,..,..,..,..,..,..,..,..,..,..,..,..,..,..,..,..,..,..,..,30.1252924,28.8749961,28.8763365,29.3738818,29.3747417,29.8743367,29.8775162,28.8731198,29.1236122,30.1266706,29.3734381,29.3123537,29.3121706,29.3118082,29.876032,30.1256505,30.3737573,30.8750595,30.0632266,30.3746873,29.0630347,30.125249,..
Land Surface Temperature,EN.LND.LTMP.DC,Ukraine,UKR,..,..,..,..,..,..,..,..,..,..,..,..,..,..,..,..,..,..,..,..,..,..,..,..,..,..,..,..,..,..,..,..,..,..,..,..,..,..,..,..,19.6869258,14.1864642,15.8118707,14.1240783,15.3120688,14.8119938,13.9372442,17.9371601,16.0622687,17.3124511,15.0623462,15.3733207,15.3733221,16.1873983,16.6872666,17.6857597,15.9370883,16.9368536,16.9363806,17.5618831,17.4367696,14.9370026,..
Land Surface Temperature,EN.LND.LTMP.DC,United Arab Emirates,ARE,..,..,..,..,..,..,..,..,..,..,..,..,..,..,..,..,..,..,..,..,..,..,..,..,..,..,..,..,..,..,..,..,..,..,..,..,..,..,..,..,46.5629922,43.6861327,43.937138,42.4370824,43.1877792,42.938407,42.5630842,42.6883296,42.0615627,42.0615615,43.3139959,42.4360948,42.5628872,42.5614867,43.3127858,43.5612247,43.4358319,44.1878863,43.6890475,43.3128859,43.8134821,44.3128752,..
Land Surface Temperature,EN.LND.LTMP.DC,United Kingdom,GBR,..,..,..,..,..,..,..,..,..,..,..,..,..,..,..,..,..,..,..,..,..,..,..,..,..,..,..,..,..,..,..,..,..,..,..,..,..,..,..,..,12.9377451,11.0630208,12.0617991,12.7185283,11.6876955,12.1886913,12.9368454,12.0621317,11.1866838,11.6876855,10.5627566,12.5621311,11.0626347,11.8128151,12.5627459,12.0621656,12.0619738,11.9368119,13.3126673,11.9373395,12.9379848,12.4360068,..
Land Surface Temperature,EN.LND.LTMP.DC,United States,USA,..,..,..,..,..,..,..,..,..,..,..,..,..,..,..,..,..,..,..,..,..,..,..,..,..,..,..,..,..,..,..,..,..,..,..,..,..,..,..,..,19.7526365,16.7520785,17.7539801,17.7529913,16.7534484,17.2560411,17.7519278,17.2553861,16.2556179,15.7556021,16.2493926,15.7557312,18.7536126,16.2520161,16.2530657,17.7508194,18.2534342,17.7549612,16.7533663,15.2526331,17.7557637,18.2504072,..
Land Surface Temperature,EN.LND.LTMP.DC,Uruguay,URY,..,..,..,..,..,..,..,..,..,..,..,..,..,..,..,..,..,..,..,..,..,..,..,..,..,..,..,..,..,..,..,..,..,..,..,..,..,..,..,..,22.5316336,23.9056016,22.5936879,22.6559749,24.3440166,24.9063443,24.280692,23.5933474,25.9066021,23.9687636,23.9684598,24.4690573,24.4682402,23.5309671,23.0308473,24.7818863,24.0311143,24.2188404,24.4690449,23.6558528,25.0620321,24.9371701,..
Land Surface Temperature,EN.LND.LTMP.DC,Uzbekistan,UZB,..,..,..,..,..,..,..,..,..,..,..,..,..,..,..,..,..,..,..,..,..,..,..,..,..,..,..,..,..,..,..,..,..,..,..,..,..,..,..,..,33.6236908,26.8751984,27.1261409,26.1247161,28.1233856,28.3750154,27.6251015,28.1257474,26.8747441,27.3748534,28.3774266,27.3751435,26.8746836,28.3737757,26.3741654,28.3760282,28.375249,27.8737942,28.3781585,29.6257032,28.6260761,29.1267621,..
Land Surface Temperature,EN.LND.LTMP.DC,Vanuatu,VUT,..,..,..,..,..,..,..,..,..,..,..,..,..,..,..,..,..,..,..,..,..,..,..,..,..,..,..,..,..,..,..,..,..,..,..,..,..,..,..,..,24.3147807,24.5929584,23.9061765,24.4669088,24.0301273,24.4076645,23.6563875,24.4684731,24.2193184,24.0933855,24.7816384,24.4055392,24.2809203,24.5311006,24.3446803,24.5927826,25.3151386,25.0313075,24.8107627,24.5304959,24.6577355,24.4709079,..
Land Surface Temperature,EN.LND.LTMP.DC,"Venezuela, RB",VEN,..,..,..,..,..,..,..,..,..,..,..,..,..,..,..,..,..,..,..,..,..,..,..,..,..,..,..,..,..,..,..,..,..,..,..,..,..,..,..,..,28.122982,28.811224,28.3116972,28.8116349,28.186742,28.3116318,28.1236205,28.4371756,28.1878735,28.4364773,29.0620302,27.9376004,28.1881159,28.5622032,28.5609875,28.9353529,28.9361519,28.4377192,28.6263667,28.9360322,29.3108399,28.1879241,..
Land Surface Temperature,EN.LND.LTMP.DC,Vietnam,VNM,..,..,..,..,..,..,..,..,..,..,..,..,..,..,..,..,..,..,..,..,..,..,..,..,..,..,..,..,..,..,..,..,..,..,..,..,..,..,..,..,27.6871727,27.3123351,27.6865151,27.8121449,27.3128659,27.6876142,27.812024,27.811572,27.1872109,27.3134148,27.8117522,27.4368874,28.1875888,27.687166,27.3124368,28.5634438,28.4380789,27.5624588,27.8129576,28.4376756,28.312713,27.5627712,..
Land Surface Temperature,EN.LND.LTMP.DC,"Yemen, Rep.",YEM,..,..,..,..,..,..,..,..,..,..,..,..,..,..,..,..,..,..,..,..,..,..,..,..,..,..,..,..,..,..,..,..,..,..,..,..,..,..,..,..,43.1877526,41.062613,41.1874081,40.6866355,40.811885,40.4377524,40.6869354,40.4375683,40.0617027,40.5625649,40.6872944,40.187262,40.3120255,40.0622495,40.9376485,41.0621796,41.312365,41.0630128,40.3114994,41.1876716,40.6872334,41.0628148,..
Land Surface Temperature,EN.LND.LTMP.DC,Zambia,ZMB,..,..,..,..,..,..,..,..,..,..,..,..,..,..,..,..,..,..,..,..,..,..,..,..,..,..,..,..,..,..,..,..,..,..,..,..,..,..,..,..,30.6875583,30.4373376,30.6870344,30.3122284,29.6867478,31.6869598,29.8125633,30.0617314,30.0624527,29.4371961,30.437072,29.8120263,30.3127651,30.9371427,30.8113351,30.9371982,31.1863028,29.8118027,30.5621355,31.3122796,30.6867612,30.6876376,..
Land Surface Temperature,EN.LND.LTMP.DC,Zimbabwe,ZWE,..,..,..,..,..,..,..,..,..,..,..,..,..,..,..,..,..,..,..,..,..,..,..,..,..,..,..,..,..,..,..,..,..,..,..,..,..,..,..,..,30.1872053,31.3121509,32.938082,32.3114822,31.1874139,33.5616251,30.8120302,32.1872994,32.0624078,30.9375486,31.6876496,31.8127066,32.8124978,32.6877371,31.6870377,33.1877084,33.1871179,30.4378471,32.6869318,33.8128838,32.4368735,31.4370772,..
Land Surface Temperature,EN.LND.LTMP.DC,Arab World,ARB,..,..,..,..,..,..,..,..,..,..,..,..,..,..,..,..,..,..,..,..,..,..,..,..,..,..,..,..,..,..,..,..,..,..,..,..,..,..,..,..,..,..,..,..,..,..,..,..,..,..,..,..,..,..,..,..,..,..,..,..,..,..,..
Land Surface Temperature,EN.LND.LTMP.DC,Caribbean small states,CSS,..,..,..,..,..,..,..,..,..,..,..,..,..,..,..,..,..,..,..,..,..,..,..,..,..,..,..,..,..,..,..,..,..,..,..,..,..,..,..,..,..,..,..,..,..,..,..,..,..,..,..,..,..,..,..,..,..,..,..,..,..,..,..
Land Surface Temperature,EN.LND.LTMP.DC,Central Europe and the Baltics,CEB,..,..,..,..,..,..,..,..,..,..,..,..,..,..,..,..,..,..,..,..,..,..,..,..,..,..,..,..,..,..,..,..,..,..,..,..,..,..,..,..,..,..,..,..,..,..,..,..,..,..,..,..,..,..,..,..,..,..,..,..,..,..,..
Land Surface Temperature,EN.LND.LTMP.DC,Early-demographic dividend,EAR,..,..,..,..,..,..,..,..,..,..,..,..,..,..,..,..,..,..,..,..,..,..,..,..,..,..,..,..,..,..,..,..,..,..,..,..,..,..,..,..,..,..,..,..,..,..,..,..,..,..,..,..,..,..,..,..,..,..,..,..,..,..,..
Land Surface Temperature,EN.LND.LTMP.DC,East Asia & Pacific,EAS,..,..,..,..,..,..,..,..,..,..,..,..,..,..,..,..,..,..,..,..,..,..,..,..,..,..,..,..,..,..,..,..,..,..,..,..,..,..,..,..,..,..,..,..,..,..,..,..,..,..,..,..,..,..,..,..,..,..,..,..,..,..,..
Land Surface Temperature,EN.LND.LTMP.DC,East Asia & Pacific (excluding high income),EAP,..,..,..,..,..,..,..,..,..,..,..,..,..,..,..,..,..,..,..,..,..,..,..,..,..,..,..,..,..,..,..,..,..,..,..,..,..,..,..,..,..,..,..,..,..,..,..,..,..,..,..,..,..,..,..,..,..,..,..,..,..,..,..
Land Surface Temperature,EN.LND.LTMP.DC,East Asia & Pacific (IDA & IBRD),TEA,..,..,..,..,..,..,..,..,..,..,..,..,..,..,..,..,..,..,..,..,..,..,..,..,..,..,..,..,..,..,..,..,..,..,..,..,..,..,..,..,..,..,..,..,..,..,..,..,..,..,..,..,..,..,..,..,..,..,..,..,..,..,..
Land Surface Temperature,EN.LND.LTMP.DC,Euro area,EMU,..,..,..,..,..,..,..,..,..,..,..,..,..,..,..,..,..,..,..,..,..,..,..,..,..,..,..,..,..,..,..,..,..,..,..,..,..,..,..,..,..,..,..,..,..,..,..,..,..,..,..,..,..,..,..,..,..,..,..,..,..,..,..
Land Surface Temperature,EN.LND.LTMP.DC,Europe & Central Asia,ECS,..,..,..,..,..,..,..,..,..,..,..,..,..,..,..,..,..,..,..,..,..,..,..,..,..,..,..,..,..,..,..,..,..,..,..,..,..,..,..,..,..,..,..,..,..,..,..,..,..,..,..,..,..,..,..,..,..,..,..,..,..,..,..
Land Surface Temperature,EN.LND.LTMP.DC,Europe & Central Asia (excluding high income),ECA,..,..,..,..,..,..,..,..,..,..,..,..,..,..,..,..,..,..,..,..,..,..,..,..,..,..,..,..,..,..,..,..,..,..,..,..,..,..,..,..,..,..,..,..,..,..,..,..,..,..,..,..,..,..,..,..,..,..,..,..,..,..,..
Land Surface Temperature,EN.LND.LTMP.DC,Europe & Central Asia (IDA & IBRD),TEC,..,..,..,..,..,..,..,..,..,..,..,..,..,..,..,..,..,..,..,..,..,..,..,..,..,..,..,..,..,..,..,..,..,..,..,..,..,..,..,..,..,..,..,..,..,..,..,..,..,..,..,..,..,..,..,..,..,..,..,..,..,..,..
Land Surface Temperature,EN.LND.LTMP.DC,European Union,EUU,..,..,..,..,..,..,..,..,..,..,..,..,..,..,..,..,..,..,..,..,..,..,..,..,..,..,..,..,..,..,..,..,..,..,..,..,..,..,..,..,..,..,..,..,..,..,..,..,..,..,..,..,..,..,..,..,..,..,..,..,..,..,..
Land Surface Temperature,EN.LND.LTMP.DC,Fragile and conflict affected situations,FCS,..,..,..,..,..,..,..,..,..,..,..,..,..,..,..,..,..,..,..,..,..,..,..,..,..,..,..,..,..,..,..,..,..,..,..,..,..,..,..,..,..,..,..,..,..,..,..,..,..,..,..,..,..,..,..,..,..,..,..,..,..,..,..
Land Surface Temperature,EN.LND.LTMP.DC,Heavily indebted poor countries (HIPC),HPC,..,..,..,..,..,..,..,..,..,..,..,..,..,..,..,..,..,..,..,..,..,..,..,..,..,..,..,..,..,..,..,..,..,..,..,..,..,..,..,..,..,..,..,..,..,..,..,..,..,..,..,..,..,..,..,..,..,..,..,..,..,..,..
Land Surface Temperature,EN.LND.LTMP.DC,High income,HIC,..,..,..,..,..,..,..,..,..,..,..,..,..,..,..,..,..,..,..,..,..,..,..,..,..,..,..,..,..,..,..,..,..,..,..,..,..,..,..,..,..,..,..,..,..,..,..,..,..,..,..,..,..,..,..,..,..,..,..,..,..,..,..
Land Surface Temperature,EN.LND.LTMP.DC,IBRD only,IBD,..,..,..,..,..,..,..,..,..,..,..,..,..,..,..,..,..,..,..,..,..,..,..,..,..,..,..,..,..,..,..,..,..,..,..,..,..,..,..,..,..,..,..,..,..,..,..,..,..,..,..,..,..,..,..,..,..,..,..,..,..,..,..
Land Surface Temperature,EN.LND.LTMP.DC,IDA & IBRD total,IBT,..,..,..,..,..,..,..,..,..,..,..,..,..,..,..,..,..,..,..,..,..,..,..,..,..,..,..,..,..,..,..,..,..,..,..,..,..,..,..,..,..,..,..,..,..,..,..,..,..,..,..,..,..,..,..,..,..,..,..,..,..,..,..
Land Surface Temperature,EN.LND.LTMP.DC,IDA blend,IDB,..,..,..,..,..,..,..,..,..,..,..,..,..,..,..,..,..,..,..,..,..,..,..,..,..,..,..,..,..,..,..,..,..,..,..,..,..,..,..,..,..,..,..,..,..,..,..,..,..,..,..,..,..,..,..,..,..,..,..,..,..,..,..
Land Surface Temperature,EN.LND.LTMP.DC,IDA only,IDX,..,..,..,..,..,..,..,..,..,..,..,..,..,..,..,..,..,..,..,..,..,..,..,..,..,..,..,..,..,..,..,..,..,..,..,..,..,..,..,..,..,..,..,..,..,..,..,..,..,..,..,..,..,..,..,..,..,..,..,..,..,..,..
Land Surface Temperature,EN.LND.LTMP.DC,IDA total,IDA,..,..,..,..,..,..,..,..,..,..,..,..,..,..,..,..,..,..,..,..,..,..,..,..,..,..,..,..,..,..,..,..,..,..,..,..,..,..,..,..,..,..,..,..,..,..,..,..,..,..,..,..,..,..,..,..,..,..,..,..,..,..,..
Land Surface Temperature,EN.LND.LTMP.DC,Late-demographic dividend,LTE,..,..,..,..,..,..,..,..,..,..,..,..,..,..,..,..,..,..,..,..,..,..,..,..,..,..,..,..,..,..,..,..,..,..,..,..,..,..,..,..,..,..,..,..,..,..,..,..,..,..,..,..,..,..,..,..,..,..,..,..,..,..,..
Land Surface Temperature,EN.LND.LTMP.DC,Latin America & Caribbean,LCN,..,..,..,..,..,..,..,..,..,..,..,..,..,..,..,..,..,..,..,..,..,..,..,..,..,..,..,..,..,..,..,..,..,..,..,..,..,..,..,..,..,..,..,..,..,..,..,..,..,..,..,..,..,..,..,..,..,..,..,..,..,..,..
Land Surface Temperature,EN.LND.LTMP.DC,Latin America & Caribbean (excluding high income),LAC,..,..,..,..,..,..,..,..,..,..,..,..,..,..,..,..,..,..,..,..,..,..,..,..,..,..,..,..,..,..,..,..,..,..,..,..,..,..,..,..,..,..,..,..,..,..,..,..,..,..,..,..,..,..,..,..,..,..,..,..,..,..,..
Land Surface Temperature,EN.LND.LTMP.DC,Latin America & Caribbean (IDA & IBRD),TLA,..,..,..,..,..,..,..,..,..,..,..,..,..,..,..,..,..,..,..,..,..,..,..,..,..,..,..,..,..,..,..,..,..,..,..,..,..,..,..,..,..,..,..,..,..,..,..,..,..,..,..,..,..,..,..,..,..,..,..,..,..,..,..
Land Surface Temperature,EN.LND.LTMP.DC,Least developed countries: UN classification,LDC,..,..,..,..,..,..,..,..,..,..,..,..,..,..,..,..,..,..,..,..,..,..,..,..,..,..,..,..,..,..,..,..,..,..,..,..,..,..,..,..,..,..,..,..,..,..,..,..,..,..,..,..,..,..,..,..,..,..,..,..,..,..,..
Land Surface Temperature,EN.LND.LTMP.DC,Low & middle income,LMY,..,..,..,..,..,..,..,..,..,..,..,..,..,..,..,..,..,..,..,..,..,..,..,..,..,..,..,..,..,..,..,..,..,..,..,..,..,..,..,..,..,..,..,..,..,..,..,..,..,..,..,..,..,..,..,..,..,..,..,..,..,..,..
Land Surface Temperature,EN.LND.LTMP.DC,Low income,LIC,..,..,..,..,..,..,..,..,..,..,..,..,..,..,..,..,..,..,..,..,..,..,..,..,..,..,..,..,..,..,..,..,..,..,..,..,..,..,..,..,..,..,..,..,..,..,..,..,..,..,..,..,..,..,..,..,..,..,..,..,..,..,..
Land Surface Temperature,EN.LND.LTMP.DC,Lower middle income,LMC,..,..,..,..,..,..,..,..,..,..,..,..,..,..,..,..,..,..,..,..,..,..,..,..,..,..,..,..,..,..,..,..,..,..,..,..,..,..,..,..,..,..,..,..,..,..,..,..,..,..,..,..,..,..,..,..,..,..,..,..,..,..,..
Land Surface Temperature,EN.LND.LTMP.DC,Middle East & North Africa,MEA,..,..,..,..,..,..,..,..,..,..,..,..,..,..,..,..,..,..,..,..,..,..,..,..,..,..,..,..,..,..,..,..,..,..,..,..,..,..,..,..,..,..,..,..,..,..,..,..,..,..,..,..,..,..,..,..,..,..,..,..,..,..,..
Land Surface Temperature,EN.LND.LTMP.DC,Middle East & North Africa (excluding high income),MNA,..,..,..,..,..,..,..,..,..,..,..,..,..,..,..,..,..,..,..,..,..,..,..,..,..,..,..,..,..,..,..,..,..,..,..,..,..,..,..,..,..,..,..,..,..,..,..,..,..,..,..,..,..,..,..,..,..,..,..,..,..,..,..
Land Surface Temperature,EN.LND.LTMP.DC,Middle East & North Africa (IDA & IBRD),TMN,..,..,..,..,..,..,..,..,..,..,..,..,..,..,..,..,..,..,..,..,..,..,..,..,..,..,..,..,..,..,..,..,..,..,..,..,..,..,..,..,..,..,..,..,..,..,..,..,..,..,..,..,..,..,..,..,..,..,..,..,..,..,..
Land Surface Temperature,EN.LND.LTMP.DC,Middle income,MIC,..,..,..,..,..,..,..,..,..,..,..,..,..,..,..,..,..,..,..,..,..,..,..,..,..,..,..,..,..,..,..,..,..,..,..,..,..,..,..,..,..,..,..,..,..,..,..,..,..,..,..,..,..,..,..,..,..,..,..,..,..,..,..
Land Surface Temperature,EN.LND.LTMP.DC,North America,NAC,..,..,..,..,..,..,..,..,..,..,..,..,..,..,..,..,..,..,..,..,..,..,..,..,..,..,..,..,..,..,..,..,..,..,..,..,..,..,..,..,..,..,..,..,..,..,..,..,..,..,..,..,..,..,..,..,..,..,..,..,..,..,..
Land Surface Temperature,EN.LND.LTMP.DC,OECD members,OED,..,..,..,..,..,..,..,..,..,..,..,..,..,..,..,..,..,..,..,..,..,..,..,..,..,..,..,..,..,..,..,..,..,..,..,..,..,..,..,..,..,..,..,..,..,..,..,..,..,..,..,..,..,..,..,..,..,..,..,..,..,..,..
Land Surface Temperature,EN.LND.LTMP.DC,Other small states,OSS,..,..,..,..,..,..,..,..,..,..,..,..,..,..,..,..,..,..,..,..,..,..,..,..,..,..,..,..,..,..,..,..,..,..,..,..,..,..,..,..,..,..,..,..,..,..,..,..,..,..,..,..,..,..,..,..,..,..,..,..,..,..,..
Land Surface Temperature,EN.LND.LTMP.DC,Pacific island small states,PSS,..,..,..,..,..,..,..,..,..,..,..,..,..,..,..,..,..,..,..,..,..,..,..,..,..,..,..,..,..,..,..,..,..,..,..,..,..,..,..,..,..,..,..,..,..,..,..,..,..,..,..,..,..,..,..,..,..,..,..,..,..,..,..
Land Surface Temperature,EN.LND.LTMP.DC,Post-demographic dividend,PST,..,..,..,..,..,..,..,..,..,..,..,..,..,..,..,..,..,..,..,..,..,..,..,..,..,..,..,..,..,..,..,..,..,..,..,..,..,..,..,..,..,..,..,..,..,..,..,..,..,..,..,..,..,..,..,..,..,..,..,..,..,..,..
Land Surface Temperature,EN.LND.LTMP.DC,Pre-demographic dividend,PRE,..,..,..,..,..,..,..,..,..,..,..,..,..,..,..,..,..,..,..,..,..,..,..,..,..,..,..,..,..,..,..,..,..,..,..,..,..,..,..,..,..,..,..,..,..,..,..,..,..,..,..,..,..,..,..,..,..,..,..,..,..,..,..
Land Surface Temperature,EN.LND.LTMP.DC,Small states,SST,..,..,..,..,..,..,..,..,..,..,..,..,..,..,..,..,..,..,..,..,..,..,..,..,..,..,..,..,..,..,..,..,..,..,..,..,..,..,..,..,..,..,..,..,..,..,..,..,..,..,..,..,..,..,..,..,..,..,..,..,..,..,..
Land Surface Temperature,EN.LND.LTMP.DC,South Asia,SAS,..,..,..,..,..,..,..,..,..,..,..,..,..,..,..,..,..,..,..,..,..,..,..,..,..,..,..,..,..,..,..,..,..,..,..,..,..,..,..,..,..,..,..,..,..,..,..,..,..,..,..,..,..,..,..,..,..,..,..,..,..,..,..
Land Surface Temperature,EN.LND.LTMP.DC,South Asia (IDA & IBRD),TSA,..,..,..,..,..,..,..,..,..,..,..,..,..,..,..,..,..,..,..,..,..,..,..,..,..,..,..,..,..,..,..,..,..,..,..,..,..,..,..,..,..,..,..,..,..,..,..,..,..,..,..,..,..,..,..,..,..,..,..,..,..,..,..
Land Surface Temperature,EN.LND.LTMP.DC,Sub-Saharan Africa,SSF,..,..,..,..,..,..,..,..,..,..,..,..,..,..,..,..,..,..,..,..,..,..,..,..,..,..,..,..,..,..,..,..,..,..,..,..,..,..,..,..,..,..,..,..,..,..,..,..,..,..,..,..,..,..,..,..,..,..,..,..,..,..,..
Land Surface Temperature,EN.LND.LTMP.DC,Sub-Saharan Africa (excluding high income),SSA,..,..,..,..,..,..,..,..,..,..,..,..,..,..,..,..,..,..,..,..,..,..,..,..,..,..,..,..,..,..,..,..,..,..,..,..,..,..,..,..,..,..,..,..,..,..,..,..,..,..,..,..,..,..,..,..,..,..,..,..,..,..,..
Land Surface Temperature,EN.LND.LTMP.DC,Sub-Saharan Africa (IDA & IBRD),TSS,..,..,..,..,..,..,..,..,..,..,..,..,..,..,..,..,..,..,..,..,..,..,..,..,..,..,..,..,..,..,..,..,..,..,..,..,..,..,..,..,..,..,..,..,..,..,..,..,..,..,..,..,..,..,..,..,..,..,..,..,..,..,..
Land Surface Temperature,EN.LND.LTMP.DC,Upper middle income,UMC,..,..,..,..,..,..,..,..,..,..,..,..,..,..,..,..,..,..,..,..,..,..,..,..,..,..,..,..,..,..,..,..,..,..,..,..,..,..,..,..,..,..,..,..,..,..,..,..,..,..,..,..,..,..,..,..,..,..,..,..,..,..,..
Land Surface Temperature,EN.LND.LTMP.DC,World,WLD,..,..,..,..,..,..,..,..,..,..,..,..,..,..,..,..,..,..,..,..,..,..,..,..,..,..,..,..,..,..,..,..,..,..,..,..,..,..,..,..,..,..,..,..,..,..,..,..,..,..,..,..,..,..,..,..,..,..,..,..,..,..,..
,,,,,,,,,,,,,,,,,,,,,,,,,,,,,,,,,,,,,,,,,,,,,,,,,,,,,,,,,,,,,,,,,,
,,,,,,,,,,,,,,,,,,,,,,,,,,,,,,,,,,,,,,,,,,,,,,,,,,,,,,,,,,,,,,,,,,
,,,,,,,,,,,,,,,,,,,,,,,,,,,,,,,,,,,,,,,,,,,,,,,,,,,,,,,,,,,,,,,,,,
Data from database: Environment Social and Governance (ESG) Data,,,,,,,,,,,,,,,,,,,,,,,,,,,,,,,,,,,,,,,,,,,,,,,,,,,,,,,,,,,,,,,,,,
Last Updated: 03/02/2023,,,,,,,,,,,,,,,,,,,,,,,,,,,,,,,,,,,,,,,,,,,,,,,,,,,,,,,,,,,,,,,,,,
Code,License Type,Indicator Name,Source,Topic,Unit of measure,Periodicity,General comments,License URL
EN.LND.LTMP.DC,CC BY-4.0,Land Surface Temperature,European Space Agency. https://climate.esa.int/en/projects/land-surface-temperature/,Environment: Environment/climate risk & resilience,Celsius,Annual,"MODIS data and products acquired through the LP DAAC have no restrictions on subsequent use, sale, or redistribution.",https://datacatalog.worldbank.org/public-licenses#cc-by
